rank,Youtuber,subscribers,video views,video count,category,started,subscribers (in millions),video views(in millions)
1,SET India,"150,000,000.00","138,094,188,195.00","103,416.00",Shows,2006,150,1380941.882
2,Colors TV,"59,400,000.00","57,953,938,917.00","102,663.00",Shows,2008,59.4,579539.3892
3,Zee Music Company,"91,700,000.00","53,452,740,440.00","7,544.00",Music,2014,91.7,534527.4044
4,ChuChu TV Nursery Rhymes & Kids Songs,"61,300,000.00","42,023,865,493.00",532.00,Education,2013,61.3,420238.6549
5,Wave Music,"55,800,000.00","38,870,239,539.00","18,974.00",Music,2014,55.8,388702.3954
6,YRF,"51,100,000.00","32,170,221,002.00","3,485.00",Film & Animation,2006,51.1,321702.21
7,Tips Official,"56,300,000.00","30,820,883,380.00","4,110.00",Music,2007,56.3,308208.8338
8,Infobells - Hindi,"48,600,000.00","27,692,864,625.00",516.00,Education,2014,48.6,276928.6463
9,Sony Music India,"55,400,000.00","27,224,339,226.00","3,386.00",Music,2009,55.4,272243.3923
10,Speed Records,"41,900,000.00","25,781,160,053.00","10,614.00",Music,2012,41.9,257811.6005
11,Vijay Television,"18,700,000.00","23,976,479,630.00","37,937.00",Entertainment,2007,18.7,239764.7963
12,Aaj Tak,"55,300,000.00","22,777,219,614.00","234,384.00",News & Politics,2009,55.3,227772.1961
13,Goldmines,"81,300,000.00","21,380,973,030.00","5,117.00",Film & Animation,2012,81.3,213809.7303
14,Bollywood Classics,"32,900,000.00","20,530,204,575.00","1,961.00",Music,2012,32.9,205302.0458
15,T-Series Apna Punjab,"33,600,000.00","20,034,960,034.00","7,177.00",Music,2011,33.6,200349.6003
16,ZEE5,"13,800,000.00","17,230,418,895.00","89,934.00",Entertainment,2018,13.8,172304.189
17,infobells - Tamil,"27,600,000.00","17,047,436,531.00",497.00,Education,2014,27.6,170474.3653
18,Wow Kidz,"29,900,000.00","15,932,950,782.00","3,827.00",Film & Animation,2015,29.9,159329.5078
19,Jkk Entertainment,"36,700,000.00","15,909,973,266.00",207.00,Comedy,2017,36.7,159099.7327
20,Worldwide Records Bhojpuri,"30,300,000.00","15,565,091,441.00","6,210.00",Music,2012,30.3,155650.9144
21,Goldmines Gaane Sune Ansune,"36,400,000.00","15,535,426,882.00","3,410.00",Music,2015,36.4,155354.2688
22,Mazhavil Manorama,"14,300,000.00","15,053,474,876.00","78,812.00",Entertainment,2011,14.3,150534.7488
23,IndiaTV,"33,700,000.00","14,765,086,249.00","254,512.00",News & Politics,2006,33.7,147650.8625
24,Rajshri,"31,900,000.00","13,990,232,714.00","3,769.00",Music,2006,31.9,139902.3271
25,infobells - Telugu,"26,900,000.00","13,930,556,822.00",451.00,Education,2014,26.9,139305.5682
26,Asianet,"8,650,000.00","13,525,068,585.00","107,507.00",Entertainment,2008,8.65,135250.6859
27,Shorts Break,"18,600,000.00","12,975,091,812.00",355.00,Comedy,2021,18.6,129750.9181
28,ETV Jabardasth,"13,600,000.00","12,803,242,138.00","8,550.00",People & Blogs,2015,13.6,128032.4214
29,Geet MP3,"33,700,000.00","12,218,259,737.00",614.00,Music,2016,33.7,122182.5974
30,ABP NEWS,"35,100,000.00","11,631,879,035.00","254,345.00",People & Blogs,2012,35.1,116318.7904
31,Lahari Music | T-Series,"15,800,000.00","11,221,038,534.00","8,496.00",Music,2011,15.8,112210.3853
32,KHANDESHI MOVIES,"33,000,000.00","11,123,575,816.00",204.00,Comedy,2013,33,111235.7582
33,Dangal TV Channel,"17,600,000.00","10,699,604,929.00","13,713.00",Entertainment,2017,17.6,106996.0493
34,Flowers Comedy,"11,800,000.00","10,564,669,668.00","10,329.00",Entertainment,2015,11.8,105646.6967
35,Kashvi Adlakha,"11,900,000.00","10,454,658,724.00","1,312.00",Entertainment,2017,11.9,104546.5872
36,White Hill Music,"22,400,000.00","10,316,558,300.00","5,304.00",Entertainment,2014,22.4,103165.583
37,LittleGlove,"9,890,000.00","10,201,752,183.00","1,336.00",People & Blogs,2020,9.89,102017.5218
38,Desi Music Factory,"33,600,000.00","9,917,958,775.00",129.00,Music,2014,33.6,99179.58775
39,Polimer News,"8,590,000.00","9,649,893,595.00","184,053.00",News & Politics,2014,8.59,96498.93595
40,Volga Video,"15,300,000.00","9,513,767,513.00","19,512.00",Film & Animation,2012,15.3,95137.67513
41,Green Gold TV - Official Channel,"19,400,000.00","9,359,983,479.00","1,160.00",Film & Animation,2011,19.4,93599.83479
42,Taarak Mehta Ka Ooltah Chashmah,"15,200,000.00","9,336,788,743.00","3,524.00",Entertainment,2014,15.2,93367.88743
43,LIV Crime,"17,800,000.00","9,140,166,850.00","6,899.00",People & Blogs,2020,17.8,91401.6685
44,The Lallantop,"23,800,000.00","9,087,950,551.00","44,444.00",News & Politics,2015,23.8,90879.50551
45,Ishaan Ali 11,"14,100,000.00","8,986,393,795.00",724.00,People & Blogs,2016,14.1,89863.93795
46,Family Fitness,"10,200,000.00","8,985,542,560.00","1,478.00",Entertainment,2017,10.2,89855.4256
47,BehindwoodsTV,"10,800,000.00","8,898,567,493.00","41,365.00",Entertainment,2010,10.8,88985.67493
48,TV9 Bharatvarsh,"12,900,000.00","8,774,436,617.00","233,926.00",People & Blogs,2018,12.9,87744.36617
49,SriBalajiMovies,"15,800,000.00","8,682,800,738.00","17,394.00",Entertainment,2011,15.8,86828.00738
50,Sun Bangla,"8,240,000.00","8,638,371,536.00","16,784.00",Entertainment,2018,8.24,86383.71536
51,V6 News Telugu,"8,560,000.00","8,635,979,338.00","230,883.00",News & Politics,2013,8.56,86359.79338
52,Sony Music South,"13,800,000.00","8,581,098,292.00","2,282.00",Music,2014,13.8,85810.98292
53,Aayu and Pihu Show,"16,400,000.00","8,522,135,066.00",394.00,Comedy,2017,16.4,85221.35066
54,SEVENGERS,"12,200,000.00","8,444,630,102.00",717.00,Comedy,2018,12.2,84446.30102
55,Techno Gamerz,"31,200,000.00","8,430,701,993.00",897.00,Gaming,2017,31.2,84307.01993
56,Azhan5star,"16,800,000.00","8,372,815,429.00",510.00,Entertainment,2021,16.8,83728.15429
57,Chetan Monga Vlogs,"11,700,000.00","8,297,066,803.00",800.00,People & Blogs,2014,11.7,82970.66803
58,Priyal Kukreja,"12,600,000.00","8,074,974,262.00",620.00,People & Blogs,2021,12.6,80749.74262
59,Tilak,"19,900,000.00","8,016,504,550.00","4,956.00",Film & Animation,2020,19.9,80165.0455
60,Goldmines Bollywood,"24,500,000.00","7,900,925,552.00","3,101.00",Film & Animation,2015,24.5,79009.25552
61,Thanthi TV,"7,880,000.00","7,839,061,908.00","265,227.00",News & Politics,2012,7.88,78390.61908
62,ABP MAJHA,"10,200,000.00","7,760,979,523.00","259,179.00",News & Politics,2014,10.2,77609.79523
63,Harpreet SDC,"10,300,000.00","7,640,540,973.00","2,002.00",Entertainment,2019,10.3,76405.40973
64,VENDY YADUWANSHI,"10,300,000.00","7,613,800,487.00",748.00,Entertainment,2020,10.3,76138.00487
65,THE BROWN SIBLINGS,"12,200,000.00","7,492,002,684.00",769.00,Entertainment,2016,12.2,74920.02684
66,Prime Video India,"11,500,000.00","7,462,487,986.00","5,571.00",Entertainment,2016,11.5,74624.87986
67,TV9 Telugu Live,"9,590,000.00","7,451,125,456.00","233,719.00",Entertainment,2011,9.59,74511.25456
68,Sonotek,"18,900,000.00","7,386,976,456.00","8,225.00",Entertainment,2011,18.9,73869.76456
69,Wow Kidz Action,"16,800,000.00","7,375,675,421.00","1,524.00",Film & Animation,2017,16.8,73756.75421
70,Pari's Lifestyle,"11,900,000.00","7,283,112,819.00",403.00,People & Blogs,2018,11.9,72831.12819
71,Anand Audio,"10,300,000.00","7,252,380,921.00","4,795.00",Music,2011,10.3,72523.80921
72,News24,"16,800,000.00","7,229,122,908.00","187,168.00",News & Politics,2014,16.8,72291.22908
73,Zee Kids,"11,500,000.00","7,033,219,548.00","1,019.00",Film & Animation,2012,11.5,70332.19548
74,Vijay Kumar Viner Vlogs,"10,500,000.00","6,995,163,005.00","1,070.00",Entertainment,2019,10.5,69951.63005
75,Infobells Bangla,"14,200,000.00","6,953,630,130.00",311.00,Education,2016,14.2,69536.3013
76,Crazy XYZ,"25,500,000.00","6,928,514,776.00","1,184.00",Entertainment,2017,25.5,69285.14776
77,VikatanTV,"7,130,000.00","6,858,348,158.00","19,677.00",Shows,2011,7.13,68583.48158
78,NMF News,"15,600,000.00","6,797,930,753.00","103,065.00",News & Politics,2013,15.6,67979.30753
79,RS 1313 SHORTS,"12,900,000.00","6,791,757,683.00","4,675.00",Entertainment,2020,12.9,67917.57683
80,unknown boy varun,"17,700,000.00","6,759,224,739.00",309.00,Music,2016,17.7,67592.24739
81,Kiddiestv Hindi - Nursery Rhymes & Kids Songs,"18,600,000.00","6,743,453,809.00",206.00,Education,2017,18.6,67434.53809
82,Busy Fun Ltd,"16,900,000.00","6,732,952,996.00",177.00,,2019,16.9,67329.52996
83,123 GO! Hindi,"10,400,000.00","6,657,758,838.00",418.00,Entertainment,2019,10.4,66577.58838
84,Venus Movies,"22,900,000.00","6,656,783,292.00","2,500.00",Entertainment,2010,22.9,66567.83292
85,TeluguOne,"9,210,000.00","6,592,944,386.00","44,342.00",Comedy,2006,9.21,65929.44386
86,Sony LIV,"13,500,000.00","6,561,533,567.00","9,853.00",Entertainment,2014,13.5,65615.33567
87,Heroindori,"12,500,000.00","6,538,610,248.00",340.00,Comedy,2020,12.5,65386.10248
88,NTV Telugu,"6,860,000.00","6,493,958,673.00","258,840.00",News & Politics,2014,6.86,64939.58673
89,Saregama TV Shows Tamil,"6,280,000.00","6,334,055,367.00","10,928.00",People & Blogs,2018,6.28,63340.55367
90,Right to Shiksha,"10,300,000.00","6,083,051,022.00","1,571.00",Education,2020,10.3,60830.51022
91,The Vishal bhatt,"7,980,000.00","6,034,453,628.00",777.00,Comedy,2021,7.98,60344.53628
92,SagaHits,"11,300,000.00","6,030,394,059.00","2,869.00",Music,2010,11.3,60303.94059
93,Mor Haryanvi,"12,000,000.00","6,018,237,357.00",408.00,Music,2015,12,60182.37357
94,Nirahua Music World,"11,500,000.00","6,006,518,280.00",789.00,Music,2014,11.5,60065.1828
95,Republic Bharat,"12,600,000.00","5,984,587,722.00","64,914.00",News & Politics,2019,12.6,59845.87722
96,SRK MUSIC,"14,300,000.00","5,955,337,315.00","4,972.00",Music,2012,14.3,59553.37315
97,Shalimar Telugu & Hindi Movies,"7,840,000.00","5,892,322,414.00","80,912.00",Entertainment,2013,7.84,58923.22414
98,Samayra Narula Official,"9,150,000.00","5,858,834,669.00",921.00,People & Blogs,2020,9.15,58588.34669
99,MY FAMILY,"14,800,000.00","5,842,649,008.00",238.00,,2019,14.8,58426.49008
100,SVF,"10,100,000.00","5,776,282,480.00","2,241.00",Music,2006,10.1,57762.8248
101,A2 Motivation by Arvind Arora,"14,400,000.00","5,775,193,738.00","2,081.00",Entertainment,2017,14.4,57751.93738
102,infobells - Kannada,"12,400,000.00","5,760,292,773.00",381.00,Education,2014,12.4,57602.92773
103,prashu__baby,"6,680,000.00","5,603,284,917.00",625.00,Entertainment,2011,6.68,56032.84917
104,Peppa Pig Hindi,"11,300,000.00","5,534,010,788.00",771.00,Film & Animation,2018,11.3,55340.10788
105,Ruh,"9,610,000.00","5,436,308,439.00",576.00,People & Blogs,2021,9.61,54363.08439
106,Total Gaming,"34,300,000.00","5,302,731,146.00","1,138.00",Gaming,2018,34.3,53027.31146
107,Shivam Malik,"7,210,000.00","5,249,758,189.00","4,854.00",Education,2012,7.21,52497.58189
108,MR. INDIAN HACKER,"29,800,000.00","5,175,763,997.00",874.00,Science & Technology,2012,29.8,51757.63997
109,TellyChakkar,"5,670,000.00","5,168,297,990.00","43,128.00",Entertainment,2007,5.67,51682.9799
110,T-Series Telugu,"7,620,000.00","5,138,669,160.00","5,370.00",Music,2014,7.62,51386.6916
111,Sidharrth TV,"7,540,000.00","5,125,681,693.00","10,097.00",Entertainment,2016,7.54,51256.81693
112,Village Cooking Channel,"19,600,000.00","5,110,135,908.00",219.00,Howto & Style,2018,19.6,51101.35908
113,Paayal Tena Short Videos,"7,440,000.00","5,093,423,351.00",493.00,People & Blogs,2021,7.44,50934.23351
114,infobells,"13,600,000.00","5,077,479,245.00",469.00,Education,2011,13.6,50774.79245
115,Dharma Productions,"10,100,000.00","5,036,348,904.00","1,245.00",Film & Animation,2010,10.1,50363.48904
116,Paytm,"534,000.00","5,023,348,000.00",641.00,People & Blogs,2013,0.534,50233.48
117,RDC Gujarati,"11,100,000.00","5,000,437,279.00","8,349.00",Music,2013,11.1,50004.37279
118,NEXT9NEWS ‡§π‡§∞ ‡§ñ‡§¨‡§∞ ‡§Ü‡§™ ‡§§‡§ï,"11,200,000.00","4,993,338,173.00","130,522.00",Entertainment,2014,11.2,49933.38173
119,Kanak News,"6,410,000.00","4,969,537,200.00","191,931.00",News & Politics,2011,6.41,49695.372
120,Enterr10 Rangeela,"10,000,000.00","4,969,310,859.00","3,141.00",Entertainment,2017,10,49693.10859
121,CHANDAN ART ACADEMY,"6,650,000.00","4,925,445,035.00","1,240.00",Education,2016,6.65,49254.45035
122,Pradeep life vlogs,"9,420,000.00","4,901,218,075.00",554.00,Entertainment,2016,9.42,49012.18075
123,ChuChuTV Hindi,"10,900,000.00","4,867,235,429.00",314.00,Education,2018,10.9,48672.35429
124,RKD Studios,"18,100,000.00","4,845,706,770.00",727.00,Entertainment,2014,18.1,48457.0677
125,Galatta Tamil | ‡Æï‡Æ≤‡Ææ‡Æü‡Øç‡Æü‡Ææ ‡Æ§‡ÆÆ‡Æø‡Æ¥‡Øç,"6,690,000.00","4,842,015,154.00","52,079.00",Entertainment,2010,6.69,48420.15154
126,Oggy Hindi - ‡§π‡§ø‡§®‡•ç‡§¶‡•Ä,"9,560,000.00","4,837,400,403.00",404.00,Entertainment,2019,9.56,48374.00403
127,NDTV,"12,300,000.00","4,807,156,399.00","138,820.00",Entertainment,2006,12.3,48071.56399
128,Noman Official,"11,600,000.00","4,790,726,097.00",443.00,Comedy,2019,11.6,47907.26097
129,MyMissAnand,"13,500,000.00","4,758,074,922.00",302.00,People & Blogs,2014,13.5,47580.74922
130,Single Track Studio,"11,600,000.00","4,697,683,177.00","1,726.00",Entertainment,2010,11.6,46976.83177
131,Rathore Cassettes,"11,200,000.00","4,690,251,694.00","5,348.00",Music,2013,11.2,46902.51694
132,PuthiyathalaimuraiTV,"9,000,000.00","4,665,029,370.00","231,258.00",News & Politics,2012,9,46650.2937
133,RS 1313 LIVE,"5,570,000.00","4,598,344,561.00","5,282.00",Gaming,2020,5.57,45983.44561
134,Gaurav arora Vlogs,"4,530,000.00","4,596,520,355.00","1,230.00",Entertainment,2015,4.53,45965.20355
135,LIV Comedy,"8,240,000.00","4,594,846,095.00","7,841.00",Entertainment,2020,8.24,45948.46095
136,BB Ki Vines,"25,800,000.00","4,560,885,966.00",189.00,Entertainment,2015,25.8,45608.85966
137,Telugu Filmnagar,"11,400,000.00","4,510,251,403.00","25,232.00",Entertainment,2011,11.4,45102.51403
138,ChuChuTV Police & Surprise Eggs,"7,720,000.00","4,478,903,770.00",248.00,Education,2015,7.72,44789.0377
139,ADHARV & COUSINS JOURNEY,"4,270,000.00","4,477,358,153.00",661.00,Entertainment,2020,4.27,44773.58153
140,INDIA EAT MANIA,"4,930,000.00","4,461,005,082.00","1,266.00",Entertainment,2019,4.93,44610.05082
141,Sangeeth Kumar,"6,960,000.00","4,460,398,331.00",545.00,People & Blogs,2021,6.96,44603.98331
142,Hungry Birds,"9,050,000.00","4,448,984,039.00",410.00,Education,2016,9.05,44489.84039
143,Saas Bahu Aur Betiyaan,"6,230,000.00","4,426,725,164.00","33,731.00",People & Blogs,2015,6.23,44267.25164
144,IndiaGlitz Tamil,"6,370,000.00","4,374,141,897.00","33,830.00",Entertainment,2010,6.37,43741.41897
145,Palli Gram TV,"6,890,000.00","4,349,468,538.00",260.00,,2017,6.89,43494.68538
146,‡§Æ‡§æ‡§∂‡§æ ‡§è‡§Ç‡§° ‡§¶ ‡§¨‡•á‡§Ø‡§∞,"10,000,000.00","4,328,398,708.00",778.00,Film & Animation,2017,10,43283.98708
147,CHHOTU KI MASTI,"12,300,000.00","4,318,326,824.00",112.00,Comedy,2018,12.3,43183.26824
148,Foodie Incarnate,"4,100,000.00","4,283,862,900.00",804.00,People & Blogs,2016,4.1,42838.629
149,Jugnu Kids - Nursery Rhymes and Best Baby Songs,"10,600,000.00","4,280,304,382.00","4,639.00",Education,2015,10.6,42803.04382
150,ARE YOU HUNGRY,"6,200,000.00","4,265,614,884.00",738.00,Entertainment,2020,6.2,42656.14884
151,Artist Shikha Sharma,"5,580,000.00","4,236,654,465.00","1,061.00",Entertainment,2019,5.58,42366.54465
152,utkal cartoonworld,"6,630,000.00","4,151,551,552.00",478.00,,2008,6.63,41515.51552
153,MaJa Tv Moral Stories Fairy Tales,"11,100,000.00","4,132,213,251.00",449.00,Entertainment,2017,11.1,41322.13251
154,Sumeet Music,"6,720,000.00","4,127,216,400.00","2,461.00",Entertainment,2013,6.72,41272.164
155,The geeta gurjar,"6,500,000.00","4,099,760,088.00",370.00,,2021,6.5,40997.60088
156,Movie Talkies,"6,830,000.00","4,085,587,782.00","35,544.00",Entertainment,2008,6.83,40855.87782
157,The MriDul,"14,200,000.00","4,063,581,085.00",99.00,Comedy,2015,14.2,40635.81085
158,Oneindia Hindi | ‡§µ‡§®‡§á‡§Ç‡§°‡§ø‡§Ø‡§æ ‡§π‡§ø‡§Ç‡§¶‡•Ä,"10,600,000.00","4,054,113,138.00","133,405.00",News & Politics,2015,10.6,40541.13138
159,Asli Mona Official,"7,480,000.00","4,022,345,820.00",514.00,Comedy,2021,7.48,40223.4582
160,Hindi Kahaniya,"10,600,000.00","4,012,689,261.00",941.00,Film & Animation,2018,10.6,40126.89261
161,Sonotek Bhakti,"12,800,000.00","3,907,001,587.00","7,757.00",Entertainment,2010,12.8,39070.01587
162,MK Studio,"9,430,000.00","3,878,356,504.00",170.00,Music,2016,9.43,38783.56504
163,Trimurti Cassettes,"8,690,000.00","3,860,074,693.00","5,221.00",Entertainment,2012,8.69,38600.74693
164,RS 1313 SHORT STORIES,"5,510,000.00","3,838,457,541.00","5,884.00",Entertainment,2020,5.51,38384.57541
165,Vikram Singh Fitness,"3,350,000.00","3,837,477,914.00","5,869.00",Sports,2018,3.35,38374.77914
166,FilterCopy,"9,830,000.00","3,828,119,106.00",847.00,Comedy,2015,9.83,38281.19106
167,Taarak Mehta Ka Ooltah Chashmah Episodes,"2,480,000.00","3,821,004,370.00","6,489.00",Comedy,2020,2.48,38210.0437
168,ETV Plus India,"5,120,000.00","3,792,730,884.00","28,916.00",Comedy,2013,5.12,37927.30884
169,Tamil cinema,"6,820,000.00","3,767,871,258.00","6,145.00",Film & Animation,2015,6.82,37678.71258
170,zoom,"5,580,000.00","3,745,918,455.00","85,229.00",Entertainment,2007,5.58,37459.18455
171,Dream Stories TV Adventure,"9,290,000.00","3,719,634,744.00",355.00,,2019,9.29,37196.34744
172,Bollygrad Studioz,"8,380,000.00","3,671,567,963.00","56,994.00",Music,2014,8.38,36715.67963
173,Indore Physical Academy,"12,900,000.00","3,645,908,488.00","1,522.00",People & Blogs,2014,12.9,36459.08488
174,Chimkandi,"8,430,000.00","3,617,946,945.00",278.00,Comedy,2016,8.43,36179.46945
175,ChuChuTV Bangla,"6,500,000.00","3,612,480,880.00",238.00,,2019,6.5,36124.8088
176,WION,"7,240,000.00","3,605,605,168.00","90,722.00",News & Politics,2016,7.24,36056.05168
177,Chapati Hindustani Gamer,"8,240,000.00","3,604,482,579.00","1,617.00",Gaming,2017,8.24,36044.82579
178,Kurulus Osman Urdu by atv,"6,280,000.00","3,597,909,554.00","3,891.00",Entertainment,2021,6.28,35979.09554
179,Multi DO Challenge Hindi,"7,460,000.00","3,563,165,988.00",335.00,,2020,7.46,35631.65988
180,TV5 News,"4,120,000.00","3,544,452,596.00","226,387.00",News & Politics,2011,4.12,35444.52596
181,NH Studioz,"10,700,000.00","3,527,151,324.00","5,849.00",Film & Animation,2011,10.7,35271.51324
182,StudyIQ IAS,"13,600,000.00","3,521,143,466.00","39,124.00",Education,2015,13.6,35211.43466
183,Haste Raho,"9,240,000.00","3,514,677,014.00",966.00,Comedy,2018,9.24,35146.77014
184,Shemaroo Kids,"8,080,000.00","3,506,503,389.00","2,109.00",Entertainment,2009,8.08,35065.03389
185,Akash Sagar,"3,330,000.00","3,488,067,488.00",617.00,Comedy,2017,3.33,34880.67488
186,Mukesh jaiswal,"4,740,000.00","3,484,857,625.00",888.00,People & Blogs,2017,4.74,34848.57625
187,Mad 4 Music,"7,490,000.00","3,481,019,107.00","2,840.00",Music,2011,7.49,34810.19107
188,News Tak,"9,350,000.00","3,478,904,451.00","39,947.00",News & Politics,2017,9.35,34789.04451
189,Fine Digital Haryanvi,"6,080,000.00","3,440,860,963.00","2,210.00",,2018,6.08,34408.60963
190,Saregama Hum Bhojpuri,"9,520,000.00","3,440,491,307.00",837.00,Music,2019,9.52,34404.91307
191,shuaib011,"8,610,000.00","3,437,879,823.00",454.00,Entertainment,2020,8.61,34378.79823
192,Pen Bhakti,"6,660,000.00","3,414,386,252.00","3,337.00",Music,2019,6.66,34143.86252
193,Pen Multiplex,"11,200,000.00","3,404,088,282.00","2,814.00",Film & Animation,2015,11.2,34040.88282
194,Rachit Rojha,"11,400,000.00","3,395,698,111.00",165.00,Entertainment,2016,11.4,33956.98111
195,BakLol Video,"11,400,000.00","3,388,955,222.00",272.00,Entertainment,2016,11.4,33889.55222
196,BhavaniHD Movies,"7,240,000.00","3,363,915,157.00","31,672.00",Entertainment,2016,7.24,33639.15157
197,Varsha Singh Rajput,"5,100,000.00","3,333,960,417.00",412.00,Entertainment,2014,5.1,33339.60417
198,Pjdivya Official,"6,260,000.00","3,323,025,445.00",956.00,People & Blogs,2014,6.26,33230.25445
199,Flying Beast,"7,800,000.00","3,320,532,013.00","1,301.00",People & Blogs,2017,7.8,33205.32013
200,Anaysa,"13,300,000.00","3,286,969,554.00",514.00,Howto & Style,2012,13.3,32869.69554
201,Adaah Queen,"7,010,000.00","3,267,752,607.00",357.00,Entertainment,2020,7.01,32677.52607
202,Ayan Mechanic,"2,580,000.00","3,258,947,203.00",893.00,Science & Technology,2020,2.58,32589.47203
203,Zee Music Marathi,"6,170,000.00","3,247,590,641.00","2,637.00",Music,2014,6.17,32475.90641
204,Technical Guruji,"22,800,000.00","3,243,957,391.00","4,816.00",Science & Technology,2015,22.8,32439.57391
205,Emiway Bantai,"18,700,000.00","3,243,498,549.00",215.00,Music,2013,18.7,32434.98549
206,Muzik247,"5,560,000.00","3,239,516,817.00","2,146.00",Music,2014,5.56,32395.16817
207,The Live Tv,"6,900,000.00","3,179,011,159.00","8,328.00",News & Politics,2018,6.9,31790.11159
208,Sanjoy Das Official,"11,400,000.00","3,175,700,928.00","1,633.00",Entertainment,2015,11.4,31757.00928
209,Geetha Arts,"5,560,000.00","3,168,745,523.00","3,458.00",Entertainment,2008,5.56,31687.45523
210,Awadhesh Premi Official,"8,130,000.00","3,143,857,258.00","1,195.00",,2018,8.13,31438.57258
211,RDC Rajasthani,"7,730,000.00","3,128,423,929.00","13,375.00",Music,2013,7.73,31284.23929
212,CarryMinati,"37,600,000.00","3,112,867,105.00",180.00,Comedy,2014,37.6,31128.67105
213,Bihari Ladka,"4,730,000.00","3,107,332,438.00",383.00,Gaming,2017,4.73,31073.32438
214,Hindustan Times,"5,100,000.00","3,105,594,615.00","42,318.00",News & Politics,2005,5.1,31055.94615
215,Nav Haryanvi,"9,000,000.00","3,091,173,127.00",746.00,Music,2017,9,30911.73127
216,Angle Music Official Channel,"8,070,000.00","3,072,647,438.00","13,842.00",Entertainment,2014,8.07,30726.47438
217,UP Tak,"6,720,000.00","3,017,857,324.00","30,191.00",News & Politics,2018,6.72,30178.57324
218,Wow Kidz Comedy,"8,760,000.00","3,016,011,327.00","1,653.00",Film & Animation,2017,8.76,30160.11327
219,Nannu and Chunnu,"3,150,000.00","3,001,773,017.00","2,528.00",Entertainment,2017,3.15,30017.73017
220,Sonotek Punjabi,"8,240,000.00","2,991,615,183.00","1,435.00",People & Blogs,2017,8.24,29916.15183
221,Gem Tunes Haryanvi,"2,220,000.00","2,990,704,370.00",610.00,Entertainment,2017,2.22,29907.0437
222,The noodles girl,"6,010,000.00","2,976,805,945.00",432.00,People & Blogs,2020,6.01,29768.05945
223,Round2hell,"29,000,000.00","2,960,712,804.00",66.00,Comedy,2016,29,29607.12804
224,Ambey Bhakti,"9,770,000.00","2,946,196,222.00","5,787.00",Music,2013,9.77,29461.96222
225,hmtv News,"3,600,000.00","2,942,505,078.00","206,488.00",News & Politics,2014,3.6,29425.05078
226,Humble Music,"8,270,000.00","2,935,197,474.00",566.00,Music,2017,8.27,29351.97474
227,wifistudy,"15,800,000.00","2,931,999,875.00","49,081.00",Education,2014,15.8,29319.99875
228,Sony Marathi,"3,340,000.00","2,919,935,634.00","31,550.00",Entertainment,2018,3.34,29199.35634
229,Frostbite Gaming,"5,010,000.00","2,911,277,183.00","1,436.00",,2014,5.01,29112.77183
230,Sanjivani Music,"6,600,000.00","2,903,002,874.00","16,913.00",Music,2011,6.6,29030.02874
231,CHINNU_6542,"3,500,000.00","2,897,613,581.00",450.00,Entertainment,2015,3.5,28976.13581
232,Triggered Insaan,"17,500,000.00","2,896,378,281.00",279.00,Comedy,2014,17.5,28963.78281
233,Kia India,"415,000.00","2,851,766,708.00",435.00,,2017,0.415,28517.66708
234,Eskay Movies,"5,420,000.00","2,821,635,278.00","2,340.00",Film & Animation,2016,5.42,28216.35278
235,Akash Parihar,"5,620,000.00","2,820,188,978.00",281.00,People & Blogs,2021,5.62,28201.88978
236,Mythpat,"13,000,000.00","2,802,421,102.00",338.00,Entertainment,2018,13,28024.21102
237,Ayush Yadav,"4,700,000.00","2,801,125,071.00",430.00,Entertainment,2014,4.7,28011.25071
238,foodies aao,"3,860,000.00","2,800,158,611.00",685.00,People & Blogs,2020,3.86,28001.58611
239,NishaMadhulika,"13,300,000.00","2,798,926,270.00","2,104.00",Howto & Style,2009,13.3,27989.2627
240,Crime Tak,"7,020,000.00","2,796,668,222.00","16,834.00",News & Politics,2018,7.02,27966.68222
241,Mahesh Chavan,"5,770,000.00","2,787,035,600.00",750.00,Entertainment,2015,5.77,27870.356
242,HD Songs Bollywood,"9,150,000.00","2,759,921,932.00",684.00,Music,2015,9.15,27599.21932
243,BabyBus - ‡§¨‡§ö‡•ç‡§ö‡•ã‡§Ç ‡§ï‡•á ‡§ó‡•Ä‡§§&‡§ï‡§æ‡§∞‡•ç‡§ü‡•Ç‡§® ‡§è‡§®‡•Ä‡§Æ‡•á‡§∂‡§®,"6,400,000.00","2,742,501,863.00",482.00,Education,2020,6.4,27425.01863
244,Sanjot Nagi,"5,730,000.00","2,738,844,462.00",727.00,People & Blogs,2013,5.73,27388.44462
245,WooHoo India,"5,650,000.00","2,723,011,162.00",885.00,,2019,5.65,27230.11162
246,Raghav Digital,"6,830,000.00","2,715,717,558.00",92.00,Music,2017,6.83,27157.17558
247,AS Gaming,"19,300,000.00","2,713,679,951.00","1,152.00",Gaming,2016,19.3,27136.79951
248,Zee Music South,"5,370,000.00","2,704,540,400.00","1,164.00",Music,2015,5.37,27045.404
249,Dil Raju,"4,850,000.00","2,704,078,164.00","1,989.00",Film & Animation,2007,4.85,27040.78164
250,Earth fact in ‡§π‡§ø‡§®‡•ç‡§¶‡•Ä,"3,650,000.00","2,703,249,134.00",412.00,Education,2021,3.65,27032.49134
251,Voice of Heart Music,"6,800,000.00","2,691,307,128.00","1,090.00",Music,2015,6.8,26913.07128
252,Zee Hindustan,"7,430,000.00","2,664,130,608.00","84,013.00",News & Politics,2015,7.43,26641.30608
253,Green Gold Kids,"6,520,000.00","2,662,566,754.00",716.00,Film & Animation,2015,6.52,26625.66754
254,Sports Tak,"6,500,000.00","2,656,787,010.00","28,148.00",Sports,2017,6.5,26567.8701
255,Shemaroo Bhakti,"10,600,000.00","2,614,721,036.00","3,730.00",Entertainment,2009,10.6,26147.21036
256,Mridul Madhok,"6,150,000.00","2,613,366,327.00","2,664.00",Education,2010,6.15,26133.66327
257,rjkarishma,"5,140,000.00","2,610,182,448.00",175.00,People & Blogs,2013,5.14,26101.82448
258,Bollywood Spy,"5,990,000.00","2,586,478,081.00","65,867.00",Entertainment,2016,5.99,25864.78081
259,SumanTV,"6,080,000.00","2,568,604,661.00","47,239.00",Entertainment,2013,6.08,25686.04661
260,Ankush Raja Official,"7,030,000.00","2,559,632,210.00",134.00,Music,2018,7.03,25596.3221
261,SACH TAK NEWS,"5,990,000.00","2,555,207,199.00","3,832.00",,2018,5.99,25552.07199
262,10TV News Telugu,"3,300,000.00","2,553,366,177.00","156,369.00",News & Politics,2013,3.3,25533.66177
263,Himesh Reshammiya Melodies,"7,020,000.00","2,544,376,818.00",139.00,Music,2020,7.02,25443.76818
264,Khesari Music World,"7,680,000.00","2,530,726,556.00",665.00,Music,2017,7.68,25307.26556
265,Salonayyy,"4,920,000.00","2,528,413,702.00",593.00,Comedy,2019,4.92,25284.13702
266,Kabita's Kitchen,"12,800,000.00","2,524,916,250.00","1,332.00",Howto & Style,2014,12.8,25249.1625
267,NewsFirst Kannada,"2,580,000.00","2,523,044,998.00","74,064.00",News & Politics,2018,2.58,25230.44998
268,realme India,"3,670,000.00","2,522,157,966.00",752.00,Science & Technology,2018,3.67,25221.57966
269,National Dastak,"6,930,000.00","2,510,506,100.00","33,026.00",News & Politics,2015,6.93,25105.061
270,Bollywood Chronicle,"2,780,000.00","2,493,685,712.00","18,827.00",Entertainment,2017,2.78,24936.85712
271,Star Studios,"6,150,000.00","2,485,350,383.00",905.00,Entertainment,2014,6.15,24853.50383
272,Colors Kannada,"3,290,000.00","2,484,804,147.00","69,063.00",Entertainment,2010,3.29,24848.04147
273,RCM Bhojpuri Hit,"8,990,000.00","2,459,903,152.00","9,133.00",Film & Animation,2016,8.99,24599.03152
274,Pramod`s Life,"5,510,000.00","2,437,735,857.00",411.00,Autos & Vehicles,2015,5.51,24377.35857
275,ZHC,"25,000,000.00","2,437,393,969.00",305.00,Film & Animation,2013,25,24373.93969
276,Aaj Tak HD,"6,340,000.00","2,434,567,878.00","82,275.00",News & Politics,2018,6.34,24345.67878
277,Ankit Porwal,"3,240,000.00","2,429,671,620.00","1,625.00",Education,2011,3.24,24296.7162
278,Cineplex,"9,500,000.00","2,421,931,856.00","1,584.00",Entertainment,2015,9.5,24219.31856
279,News Nation,"7,240,000.00","2,417,032,881.00","83,013.00",News & Politics,2012,7.24,24170.32881
280,Supertone Digital,"9,100,000.00","2,413,804,894.00","1,703.00",Music,2013,9.1,24138.04894
281,Rimorav Vlogs,"6,610,000.00","2,408,690,065.00",470.00,Entertainment,2017,6.61,24086.90065
282,SMOL Hindi,"2,760,000.00","2,383,634,291.00","1,029.00",Entertainment,2021,2.76,23836.34291
283,Aniruddhacharya ji,"10,100,000.00","2,374,247,602.00","4,882.00",,2017,10.1,23742.47602
284,Surinder Films,"4,570,000.00","2,371,854,321.00",821.00,Music,2014,4.57,23718.54321
285,Ur SmartMaker Shorts,"4,990,000.00","2,371,638,410.00",145.00,People & Blogs,2018,4.99,23716.3841
286,Sufiyan and Nida,"3,630,000.00","2,368,106,483.00",858.00,Entertainment,2020,3.63,23681.06483
287,Bhakti Dhara,"9,690,000.00","2,345,962,009.00","5,325.00",Music,2011,9.69,23459.62009
288,Sandeep Bhatt Vlogs,"3,140,000.00","2,341,492,678.00",784.00,People & Blogs,2020,3.14,23414.92678
289,Crafter Aditi,"5,560,000.00","2,341,301,955.00",882.00,Howto & Style,2014,5.56,23413.01955
290,Kids Planet,"4,090,000.00","2,332,910,156.00",483.00,Education,2014,4.09,23329.10156
291,Utkarsh Classes Jodhpur,"10,900,000.00","2,332,334,200.00","9,101.00",Education,2012,10.9,23323.342
292,NDJ MUSIC,"6,510,000.00","2,312,056,676.00","7,661.00",Entertainment,2014,6.51,23120.56676
293,Murliwale Hausla,"8,100,000.00","2,305,276,093.00",608.00,,2019,8.1,23052.76093
294,Shruti Arjun Anand,"9,980,000.00","2,304,374,981.00",659.00,Howto & Style,2010,9.98,23043.74981
295,Bindass Kavya,"5,370,000.00","2,301,201,097.00",445.00,,2017,5.37,23012.01097
296,So Saute,"1,930,000.00","2,299,663,019.00","1,110.00",Howto & Style,2020,1.93,22996.63019
297,RSMSA,"3,540,000.00","2,289,038,114.00",415.00,Education,2019,3.54,22890.38114
298,Bharat Tak,"5,990,000.00","2,286,633,457.00","23,375.00",People & Blogs,2017,5.99,22866.33457
299,Kaumudy,"4,240,000.00","2,278,352,309.00","62,057.00",Entertainment,2011,4.24,22783.52309
300,Sanam,"10,400,000.00","2,274,049,720.00",145.00,Music,2012,10.4,22740.4972
301,VK News,"5,600,000.00","2,267,913,472.00","30,015.00",News & Politics,2016,5.6,22679.13472
302,Viralbollywood,"5,430,000.00","2,267,407,042.00","31,799.00",Entertainment,2014,5.43,22674.07042
303,iDream Telugu Movies,"4,630,000.00","2,267,376,947.00","63,283.00",Entertainment,2013,4.63,22673.76947
304,Mohak Meet,"6,180,000.00","2,262,023,883.00",693.00,Comedy,2012,6.18,22620.23883
305,shadab5star,"5,390,000.00","2,257,700,549.00",485.00,Entertainment,2020,5.39,22577.00549
306,Mango Music,"6,840,000.00","2,256,880,661.00","6,840.00",Music,2006,6.84,22568.80661
307,Khandesh Fun,"7,520,000.00","2,248,792,068.00",214.00,Comedy,2016,7.52,22487.92068
308,Shemaroo Gujarati,"4,670,000.00","2,238,300,432.00","6,316.00",Entertainment,2009,4.67,22383.00432
309,Aamchi Mumbai,"3,380,000.00","2,237,999,972.00",825.00,People & Blogs,2015,3.38,22379.99972
310,White Hill Dhaakad,"5,410,000.00","2,223,185,535.00",952.00,Music,2019,5.41,22231.85535
311,JK YADAV FILMS üå∑ MAITHILI,"3,680,000.00","2,203,712,608.00","5,976.00",,2017,3.68,22037.12608
312,Golden unique boy,"5,970,000.00","2,201,601,918.00",433.00,Entertainment,2016,5.97,22016.01918
313,Sai Recordds Digital,"5,310,000.00","2,190,007,002.00","4,257.00",,2012,5.31,21900.07002
314,Yashi Films,"6,590,000.00","2,188,384,102.00","1,577.00",Music,2018,6.59,21883.84102
315,Pramod Premi Entertainment,"4,890,000.00","2,183,981,143.00",203.00,,2018,4.89,21839.81143
316,FactTechz,"17,600,000.00","2,176,398,343.00",630.00,Entertainment,2016,17.6,21763.98343
317,Gyan Gaming„Ö§,"14,500,000.00","2,172,195,583.00","2,767.00",Gaming,2017,14.5,21721.95583
318,Sandeep Maheshwari,"26,900,000.00","2,165,117,687.00",561.00,People & Blogs,2012,26.9,21651.17687
319,Headlines India,"7,250,000.00","2,155,861,858.00","10,301.00",News & Politics,2016,7.25,21558.61858
320,Toy Stars,"6,420,000.00","2,149,210,081.00",253.00,People & Blogs,2017,6.42,21492.10081
321,ABC - All Babies Channel,"5,320,000.00","2,147,577,303.00",679.00,Education,2014,5.32,21475.77303
322,Telly Reporter,"3,730,000.00","2,143,608,666.00","35,116.00",Entertainment,2016,3.73,21436.08666
323,shagun style,"4,430,000.00","2,131,981,624.00",372.00,People & Blogs,2018,4.43,21319.81624
324,The World Adventures ‡§π‡§ø‡§®‡•ç‡§¶‡•Ä,"13,500,000.00","2,130,213,910.00",937.00,People & Blogs,2016,13.5,21302.1391
325,Cartoon Network India,"2,940,000.00","2,117,765,391.00","1,837.00",Film & Animation,2009,2.94,21177.65391
326,Cinekorn Movies,"8,250,000.00","2,117,239,741.00",605.00,Film & Animation,2011,8.25,21172.39741
327,bharatzkitchen HINDI,"11,800,000.00","2,116,328,465.00",677.00,Howto & Style,2016,11.8,21163.28465
328,ABP Ganga,"3,790,000.00","2,112,773,670.00","106,114.00",News & Politics,2019,3.79,21127.7367
329,Colors,"2,710,000.00","2,112,484,723.00","6,818.00",Entertainment,2015,2.71,21124.84723
330,Goldmines Cineplex,"21,500,000.00","2,111,884,728.00","2,943.00",Film & Animation,2015,21.5,21118.84728
331,DLS News,"19,200,000.00","2,106,537,514.00","4,193.00",News & Politics,2017,19.2,21065.37514
332,Neetu Bisht,"3,640,000.00","2,106,410,367.00",739.00,Entertainment,2011,3.64,21064.10367
333,Big Animation,"4,960,000.00","2,105,169,462.00",564.00,Film & Animation,2009,4.96,21051.69462
334,Kunal monu,"5,560,000.00","2,103,235,890.00","1,013.00",Entertainment,2018,5.56,21032.3589
335,Filipino Fairy Tales,"4,720,000.00","2,099,080,459.00",566.00,Film & Animation,2016,4.72,20990.80459
336,Angel Bengali Songs,"3,300,000.00","2,096,772,312.00","6,427.00",Music,2006,3.3,20967.72312
337,Rajshri Marathi,"4,190,000.00","2,096,184,530.00","16,483.00",Music,2009,4.19,20961.8453
338,Aditya Music Telugu,"4,730,000.00","2,094,739,817.00","2,400.00",Music,2014,4.73,20947.39817
339,Ultra Cinema,"6,950,000.00","2,087,232,809.00","3,162.00",Entertainment,2013,6.95,20872.32809
340,Miss Matured,"2,550,000.00","2,080,426,578.00",410.00,,2021,2.55,20804.26578
341,The Formal Edit,"4,380,000.00","2,076,323,769.00",721.00,Howto & Style,2017,4.38,20763.23769
342,Dream Stories TV,"6,680,000.00","2,070,696,003.00",226.00,Film & Animation,2017,6.68,20706.96003
343,TWO SIDE GAMERS,"11,800,000.00","2,068,384,585.00","1,875.00",Music,2018,11.8,20683.84585
344,India Today,"6,770,000.00","2,061,004,091.00","129,311.00",News & Politics,2015,6.77,20610.04091
345,Loku,"2,560,000.00","2,054,974,320.00","1,576.00",Music,2016,2.56,20549.7432
346,Sakshi TV,"2,860,000.00","2,045,066,073.00","178,652.00",News & Politics,2014,2.86,20450.66073
347,Jhankar Music,"4,120,000.00","2,033,365,318.00","4,627.00",Entertainment,2010,4.12,20333.65318
348,Desi Gamers,"13,400,000.00","2,032,709,849.00","1,318.00",Gaming,2015,13.4,20327.09849
349,Trakin Tech,"12,800,000.00","2,029,755,915.00","3,453.00",Science & Technology,2011,12.8,20297.55915
350,Sid Akki,"2,940,000.00","2,027,582,588.00",447.00,Entertainment,2016,2.94,20275.82588
351,RDC Rajasthani HD,"5,420,000.00","2,017,691,255.00","5,427.00",Music,2014,5.42,20176.91255
352,Natkhat TV Hindi Tales & Rhymes,"5,380,000.00","2,008,934,671.00",356.00,Film & Animation,2016,5.38,20089.34671
353,SoSorry,"5,230,000.00","2,005,091,145.00","1,151.00",Comedy,2013,5.23,20050.91145
354,Vision Time Tamil,"3,130,000.00","2,003,317,204.00","11,482.00",Shows,2013,3.13,20033.17204
355,Behindwoods Air News,"4,760,000.00","1,999,143,781.00","43,691.00",News & Politics,2018,4.76,19991.43781
356,Studio Sangeeta,"5,460,000.00","1,996,218,349.00","3,719.00",Comedy,2013,5.46,19962.18349
357,Samar Singh Official,"5,370,000.00","1,993,491,899.00",342.00,,2018,5.37,19934.91899
358,Cook With Parul,"7,480,000.00","1,989,743,009.00","1,871.00",Howto & Style,2017,7.48,19897.43009
359,King of Cubers,"6,680,000.00","1,989,549,102.00",226.00,Howto & Style,2019,6.68,19895.49102
360,MOVIES HD,"9,260,000.00","1,989,182,088.00","1,794.00",Entertainment,2015,9.26,19891.82088
361,90's Gaane,"5,140,000.00","1,987,282,971.00",358.00,Music,2019,5.14,19872.82971
362,Rajat shorts !!,"3,530,000.00","1,987,109,130.00",544.00,Entertainment,2017,3.53,19871.0913
363,Desi Records,"5,730,000.00","1,981,237,781.00",22.00,Music,2016,5.73,19812.37781
364,Funcho Shorts,"3,940,000.00","1,973,532,279.00",249.00,People & Blogs,2021,3.94,19735.32279
365,Roshanjamhir5star,"4,300,000.00","1,971,492,537.00",535.00,Entertainment,2021,4.3,19714.92537
366,Make Joke Of,"11,900,000.00","1,969,730,577.00",50.00,Comedy,2017,11.9,19697.30577
367,tiyaa_ningwal_official,"5,220,000.00","1,964,902,678.00",390.00,Entertainment,2016,5.22,19649.02678
368,Speed Records Bhojpuri,"5,810,000.00","1,963,270,599.00","2,761.00",Music,2018,5.81,19632.70599
369,Eagle Home Entertainments,"10,200,000.00","1,948,067,119.00","20,582.00",Entertainment,2015,10.2,19480.67119
370,Celebrity Shala,"1,900,000.00","1,944,533,088.00","5,943.00",Entertainment,2019,1.9,19445.33088
371,TARANG MUSIC,"5,200,000.00","1,941,585,336.00","3,972.00",Music,2012,5.2,19415.85336
372,Viral Bhayani,"5,420,000.00","1,936,971,280.00","13,706.00",Entertainment,2007,5.42,19369.7128
373,Priyanka Tyagi,"2,770,000.00","1,934,305,590.00",339.00,Comedy,2021,2.77,19343.0559
374,FilmiBeat,"4,930,000.00","1,930,029,104.00","67,317.00",Entertainment,2015,4.93,19300.29104
375,Dainik Jagran - ‡§¶‡•à‡§®‡§ø‡§ï ‡§ú‡§æ‡§ó‡§∞‡§£,"5,120,000.00","1,923,605,721.00","38,431.00",News & Politics,2014,5.12,19236.05721
376,NewsGlitz Tamil,"4,410,000.00","1,912,017,228.00","17,816.00",News & Politics,2014,4.41,19120.17228
377,RK Rajani Kaushal,"2,250,000.00","1,909,736,175.00","6,339.00",Entertainment,2018,2.25,19097.36175
378,Jahaann,"3,410,000.00","1,907,107,513.00",489.00,Entertainment,2017,3.41,19071.07513
379,Khan GS Research Centre,"19,900,000.00","1,901,748,524.00",353.00,Education,2019,19.9,19017.48524
380,Sambhavna Seth Entertainment,"3,420,000.00","1,900,213,398.00","1,503.00",Entertainment,2014,3.42,19002.13398
381,Movies Insight Hindi,"5,150,000.00","1,895,161,464.00","1,020.00",Entertainment,2020,5.15,18951.61464
382,Live Cities Media Private Limited,"5,060,000.00","1,895,121,698.00","56,992.00",News & Politics,2016,5.06,18951.21698
383,Multi DO Hindi,"4,390,000.00","1,887,673,993.00",316.00,,2020,4.39,18876.73993
384,Lena Slime,"6,230,000.00","1,886,909,446.00","1,077.00",People & Blogs,2018,6.23,18869.09446
385,Being Suku,"2,880,000.00","1,880,502,593.00",349.00,Entertainment,2020,2.88,18805.02593
386,BR Chopra & TV Serials,"4,820,000.00","1,878,300,598.00","1,982.00",Entertainment,2018,4.82,18783.00598
387,Sonam Prajapati,"3,860,000.00","1,865,779,917.00","1,267.00",Entertainment,2014,3.86,18657.79917
388,Riddhi Music,"4,950,000.00","1,864,046,972.00",257.00,Music,2018,4.95,18640.46972
389,Little Talks,"2,450,000.00","1,863,636,921.00","15,011.00",Entertainment,2018,2.45,18636.36921
390,asheeya,"1,320,000.00","1,863,434,921.00","1,048.00",Entertainment,2019,1.32,18634.34921
391,Chattambees,"2,680,000.00","1,857,632,309.00",418.00,Comedy,2020,2.68,18576.32309
392,Magnet Brains,"8,640,000.00","1,854,586,482.00","37,461.00",,2016,8.64,18545.86482
393,Gulzaar Chhaniwala,"8,020,000.00","1,841,986,295.00",74.00,Music,2018,8.02,18419.86295
394,Behindwoods Max,"1,340,000.00","1,837,829,454.00","20,787.00",Film & Animation,2019,1.34,18378.29454
395,Aam Aadmi Party,"4,390,000.00","1,830,248,768.00","7,900.00",News & Politics,2011,4.39,18302.48768
396,Techno Craz,"1,820,000.00","1,829,471,441.00","1,500.00",Science & Technology,2020,1.82,18294.71441
397,Pulkit shukla TD,"4,460,000.00","1,828,005,304.00",442.00,People & Blogs,2015,4.46,18280.05304
398,Ekta Sound,"4,350,000.00","1,826,747,825.00","1,934.00",Music,2014,4.35,18267.47825
399,Ashish Bisht,"2,190,000.00","1,825,898,846.00",788.00,Entertainment,2009,2.19,18258.98846
400,BeastBoyShub,"5,840,000.00","1,825,828,142.00","1,154.00",Gaming,2015,5.84,18258.28142
401,Mythri Movie Makers,"3,810,000.00","1,825,289,207.00","1,167.00",Entertainment,2015,3.81,18252.89207
402,M4 Tech,"8,460,000.00","1,823,422,936.00",474.00,Entertainment,2017,8.46,18234.22936
403,Crown Records,"5,410,000.00","1,815,529,617.00",216.00,Music,2015,5.41,18155.29617
404,BIHARIWOOD - ‡§¨‡§ø‡§π‡§æ‡§∞‡•Ä‡§µ‡•Å‡§°,"4,990,000.00","1,808,854,769.00","8,043.00",,2015,4.99,18088.54769
405,Colors Tamil,"3,270,000.00","1,799,901,923.00","32,925.00",Entertainment,2018,3.27,17999.01923
406,Mana Stars,"2,410,000.00","1,798,721,854.00","19,019.00",Entertainment,2018,2.41,17987.21854
407,Kuldeep Singhania Shorts,"5,140,000.00","1,785,852,962.00",680.00,People & Blogs,2021,5.14,17858.52962
408,Goldmines Premiere,"13,000,000.00","1,785,687,301.00",657.00,Entertainment,2013,13,17856.87301
409,News7 Tamil,"5,070,000.00","1,779,151,785.00","137,202.00",News & Politics,2014,5.07,17791.51785
410,Star Music India,"2,840,000.00","1,778,621,447.00",863.00,Music,2013,2.84,17786.21447
411,OnePlus India,"4,560,000.00","1,776,358,317.00",545.00,Science & Technology,2016,4.56,17763.58317
412,Planet Earth INDIA,"12,000,000.00","1,769,244,891.00",648.00,People & Blogs,2011,12,17692.44891
413,Ram Audio,"4,210,000.00","1,769,123,699.00","2,599.00",Comedy,2011,4.21,17691.23699
414,News18 Punjab/Haryana/Himachal,"3,460,000.00","1,767,157,226.00","115,619.00",People & Blogs,2015,3.46,17671.57226
415,Saawariya,"4,350,000.00","1,767,045,990.00","3,872.00",Music,2014,4.35,17670.4599
416,‡Æö‡ØÜ‡Æ≤‡Øç‡Æ≤‡ÆÆ‡Øá ‡Æö‡ØÜ‡Æ≤‡Øç‡Æ≤‡ÆÆ‡Øç Chellame Chellam!!,"3,060,000.00","1,765,374,044.00",533.00,Education,2012,3.06,17653.74044
417,Wanderers Hub,"6,460,000.00","1,764,881,178.00",292.00,People & Blogs,2016,6.46,17648.81178
418,G M Dance Centre,"5,410,000.00","1,763,879,576.00",208.00,Entertainment,2015,5.41,17638.79576
419,Physics Wallah - Alakh Pandey,"9,590,000.00","1,762,213,459.00","1,429.00",Education,2014,9.59,17622.13459
420,Slayy Point,"7,470,000.00","1,756,267,384.00",155.00,Entertainment,2016,7.47,17562.67384
421,Masti Tv - Hindi Stories,"6,860,000.00","1,749,417,176.00",289.00,Entertainment,2019,6.86,17494.17176
422,Wait For It,"3,500,000.00","1,742,015,413.00",207.00,Entertainment,2022,3.5,17420.15413
423,Premium Digiplex Movies,"7,890,000.00","1,736,715,079.00",179.00,Film & Animation,2015,7.89,17367.15079
424,Shahid paneer,"4,180,000.00","1,730,079,335.00",303.00,Comedy,2022,4.18,17300.79335
425,The Viral Fever,"11,400,000.00","1,725,038,378.00",467.00,Entertainment,2011,11.4,17250.38378
426,Incredible Alien,"3,050,000.00","1,717,606,338.00",696.00,Entertainment,2020,3.05,17176.06338
427,Manish Jodhpuri,"3,630,000.00","1,715,403,586.00",395.00,Entertainment,2018,3.63,17154.03586
428,NITIN FREE FIRE,"10,200,000.00","1,714,092,984.00",721.00,Gaming,2019,10.2,17140.92984
429,YOYO TV Channel,"3,310,000.00","1,713,233,609.00","100,373.00",News & Politics,2016,3.31,17132.33609
430,Badshah,"6,410,000.00","1,712,312,978.00",144.00,Music,2014,6.41,17123.12978
431,JP Choudhary,"3,560,000.00","1,709,036,678.00",656.00,People & Blogs,2016,3.56,17090.36678
432,Cinema Vikatan,"3,890,000.00","1,690,104,482.00","8,181.00",Entertainment,2010,3.89,16901.04482
433,mr_shadab _72,"3,300,000.00","1,689,346,529.00",642.00,Education,2019,3.3,16893.46529
434,Hansraj Raghuwanshi,"10,000,000.00","1,687,186,409.00",88.00,Music,2016,10,16871.86409
435,Oru Al Mallu Family,"1,610,000.00","1,680,031,074.00",555.00,People & Blogs,2021,1.61,16800.31074
436,Bhojpuri Movies,"9,600,000.00","1,677,598,661.00",241.00,Movies,2016,9.6,16775.98661
437,Kalinga TV,"2,600,000.00","1,672,870,246.00","159,694.00",News & Politics,2015,2.6,16728.70246
438,Bhakti Sagar AR Entertainments,"4,580,000.00","1,670,567,124.00","1,932.00",People & Blogs,2015,4.58,16705.67124
439,Rang TV,"1,830,000.00","1,666,105,409.00","21,489.00",Entertainment,2016,1.83,16661.05409
440,Ujjal Dance Group,"7,830,000.00","1,660,453,718.00",90.00,Entertainment,2014,7.83,16604.53718
441,Hindi Kahaniya Funny Comedy Stories,"5,180,000.00","1,656,455,359.00",346.00,Entertainment,2017,5.18,16564.55359
442,Raksha ki Rasoi,"6,700,000.00","1,654,164,221.00","1,961.00",People & Blogs,2018,6.7,16541.64221
443,Everest Marathi,"3,130,000.00","1,654,049,389.00","1,873.00",Entertainment,2012,3.13,16540.49389
444,Wow Kidz Indonesia,"3,300,000.00","1,641,637,923.00","1,657.00",Film & Animation,2017,3.3,16416.37923
445,Spiritual Mantra,"8,410,000.00","1,635,522,409.00","1,396.00",Music,2010,8.41,16355.22409
446,English Connection,"10,500,000.00","1,633,547,213.00","1,010.00",Education,2015,10.5,16335.47213
447,Aeon Pix Studios,"6,810,000.00","1,630,499,932.00",905.00,Film & Animation,2013,6.81,16304.99932
448,Jigar Studio,"3,710,000.00","1,627,660,728.00",828.00,Music,2012,3.71,16276.60728
449,Meshwa Films,"4,340,000.00","1,627,414,846.00","1,148.00",Music,2017,4.34,16274.14846
450,BANG Music,"4,840,000.00","1,625,834,736.00",70.00,Music,2019,4.84,16258.34736
451,Mohak Narang,"3,840,000.00","1,621,431,486.00",322.00,Education,2016,3.84,16214.31486
452,Filmylooks,"1,910,000.00","1,621,250,550.00","23,788.00",Entertainment,2016,1.91,16212.5055
453,Mini Foodkey,"3,130,000.00","1,619,945,344.00",103.00,Howto & Style,2017,3.13,16199.45344
454,PS TAMIL SONG,"2,880,000.00","1,619,051,968.00","3,828.00",Film & Animation,2015,2.88,16190.51968
455,BiscootTV,"2,980,000.00","1,618,468,806.00","29,863.00",Entertainment,2013,2.98,16184.68806
456,Kiddiestv Bangla,"4,060,000.00","1,615,241,129.00",122.00,Education,2017,4.06,16152.41129
457,Sharma Sisters,"2,810,000.00","1,612,115,313.00",460.00,People & Blogs,2019,2.81,16121.15313
458,Wonder Of Stories,"3,950,000.00","1,610,318,848.00",271.00,,2019,3.95,16103.18848
459,Dr. Vivek Bindra: Motivational Speaker,"20,400,000.00","1,599,679,499.00",785.00,Education,2013,20.4,15996.79499
460,Kapil Sharma,"8,180,000.00","1,598,602,219.00",234.00,Entertainment,2017,8.18,15986.02219
461,D Jackson,"4,560,000.00","1,596,796,565.00",532.00,Entertainment,2020,4.56,15967.96565
462,LOKESH GAMER,"15,400,000.00","1,593,211,555.00","1,279.00",Gaming,2017,15.4,15932.11555
463,World Affairs,"2,860,000.00","1,592,290,053.00","3,011.00",,2020,2.86,15922.90053
464,BIG Magic,"4,070,000.00","1,590,211,573.00","11,499.00",Entertainment,2013,4.07,15902.11573
465,The Prince Yadav,"3,890,000.00","1,581,753,589.00",102.00,Entertainment,2017,3.89,15817.53589
466,Al Jasar Siddiqui,"4,140,000.00","1,572,796,753.00",658.00,Entertainment,2017,4.14,15727.96753
467,Next9TvNews ‡§∏‡•Ä‡§∞‡§ø‡§Ø‡§≤ ‡§Ö‡§™‡§°‡•á‡§ü,"2,750,000.00","1,572,665,580.00","101,686.00",Entertainment,2017,2.75,15726.6558
468,Exam‡§™‡•Å‡§∞,"9,990,000.00","1,571,451,889.00","56,162.00",Education,2016,9.99,15714.51889
469,Bolly Kick,"8,290,000.00","1,570,425,809.00",757.00,Film & Animation,2011,8.29,15704.25809
470,online news india,"4,490,000.00","1,567,849,678.00","7,483.00",News & Politics,2018,4.49,15678.49678
471,Shemaroo Movie in Parts,"4,320,000.00","1,555,301,307.00","6,171.00",Entertainment,2014,4.32,15553.01307
472,Swami Ramdev,"9,450,000.00","1,548,464,471.00","6,667.00",,2010,9.45,15484.64471
473,Movie Scenes - Angel Digital,"2,660,000.00","1,548,337,589.00","6,211.00",Film & Animation,2016,2.66,15483.37589
474,CWE India,"4,430,000.00","1,545,802,120.00","5,985.00",Entertainment,2015,4.43,15458.0212
475,aman dancer real,"3,360,000.00","1,540,325,571.00",234.00,Entertainment,2020,3.36,15403.25571
476,IBC24,"4,110,000.00","1,539,760,801.00","164,542.00",News & Politics,2015,4.11,15397.60801
477,RadaanMedia,"1,620,000.00","1,539,190,397.00","10,973.00",Entertainment,2012,1.62,15391.90397
478,Ssoftoons Animation,"5,120,000.00","1,529,733,270.00",322.00,Film & Animation,2015,5.12,15297.3327
479,Swad official,"2,120,000.00","1,525,942,128.00","1,244.00",People & Blogs,2018,2.12,15259.42128
480,One Media Entertainment,"2,440,000.00","1,518,285,386.00",748.00,Entertainment,2017,2.44,15182.85386
481,Jugnu Kids - Bangla Nursery Rhymes & Baby Songs,"3,690,000.00","1,518,235,628.00",339.00,People & Blogs,2017,3.69,15182.35628
482,Filmy Crazy,"3,460,000.00","1,517,340,810.00","4,422.00",Entertainment,2018,3.46,15173.4081
483,Royal Music Factory,"3,340,000.00","1,513,607,879.00","1,410.00",Music,2018,3.34,15136.07879
484,Tech Burner,"10,000,000.00","1,510,370,148.00","1,051.00",Science & Technology,2014,10,15103.70148
485,Satyajeet Jena Official,"9,100,000.00","1,508,685,294.00",106.00,Music,2014,9.1,15086.85294
486,RKworld,"2,030,000.00","1,505,548,316.00",202.00,Comedy,2020,2.03,15055.48316
487,Shemaroo Punjabi,"4,010,000.00","1,504,566,295.00","2,958.00",Music,2009,4.01,15045.66295
488,Bhajan India,"8,210,000.00","1,504,339,942.00","3,482.00",Music,2014,8.21,15043.39942
489,With Love Nagaraj Sangeetha,"2,370,000.00","1,499,027,112.00",453.00,People & Blogs,2013,2.37,14990.27112
490,Madan Gowri,"6,630,000.00","1,493,155,006.00","2,063.00",Entertainment,2013,6.63,14931.55006
491,Mumbiker Nikhil,"3,930,000.00","1,490,194,845.00","2,053.00",People & Blogs,2013,3.93,14901.94845
492,Wave Dhamaka,"3,830,000.00","1,489,533,043.00","4,119.00",Music,2018,3.83,14895.33043
493,Mankirt Aulakh,"4,790,000.00","1,489,182,415.00",245.00,Music,2015,4.79,14891.82415
494,Free Fire India Official,"11,700,000.00","1,488,370,841.00","1,275.00",People & Blogs,2018,11.7,14883.70841
495,Riddhi thalassemia major girl,"3,880,000.00","1,483,664,607.00",429.00,Entertainment,2017,3.88,14836.64607
496,Tonde Gamer,"7,790,000.00","1,483,595,029.00","1,741.00",Gaming,2019,7.79,14835.95029
497,Hairstyle Tutorial,"1,320,000.00","1,480,809,289.00","1,435.00",Education,2020,1.32,14808.09289
498,SR Brothers,"5,930,000.00","1,477,793,801.00",54.00,Entertainment,2018,5.93,14777.93801
499,Veg Village Food,"5,620,000.00","1,477,138,194.00",419.00,Howto & Style,2014,5.62,14771.38194
500,Rengoni TV,"2,330,000.00","1,468,985,991.00","14,784.00",,2013,2.33,14689.85991
501,Gunjan Singh Entertainment,"3,550,000.00","1,467,750,991.00",212.00,,2018,3.55,14677.50991
502,Hindustan Gamer,"3,980,000.00","1,465,804,664.00",684.00,Gaming,2015,3.98,14658.04664
503,Wings Marathi,"4,310,000.00","1,461,707,143.00","2,256.00",Entertainment,2010,4.31,14617.07143
504,VATS RECORDS,"3,720,000.00","1,461,279,583.00",108.00,Music,2019,3.72,14612.79583
505,Majedar Kahaniya,"5,320,000.00","1,458,839,044.00",242.00,Entertainment,2017,5.32,14588.39044
506,DIL Music,"4,310,000.00","1,455,509,022.00",67.00,Music,2011,4.31,14555.09022
507,SEPL VIDEO,"4,560,000.00","1,452,477,474.00","11,651.00",Film & Animation,2012,4.56,14524.77474
508,Oye Indori - Ab Hasega India,"4,480,000.00","1,452,285,062.00",182.00,Entertainment,2017,4.48,14522.85062
509,Comedy Captain,"10,700,000.00","1,451,414,660.00","1,246.00",Comedy,2016,10.7,14514.1466
510,CarryisLive,"11,600,000.00","1,450,676,239.00",947.00,Gaming,2017,11.6,14506.76239
511,Danish5star,"2,910,000.00","1,447,690,583.00",430.00,People & Blogs,2019,2.91,14476.90583
512,News24 Sports,"2,770,000.00","1,441,344,148.00","17,616.00",People & Blogs,2019,2.77,14413.44148
513,SRS Media Vision | Kannada Full Movies,"3,270,000.00","1,438,148,598.00","1,098.00",Movies,2014,3.27,14381.48598
514,Onespot Gaming,"3,450,000.00","1,436,307,704.00","2,010.00",Gaming,2016,3.45,14363.07704
515,Video Palace,"2,530,000.00","1,434,514,072.00","1,038.00",Music,2010,2.53,14345.14072
516,Karikku,"8,760,000.00","1,433,204,658.00",123.00,Comedy,2016,8.76,14332.04658
517,Marunadan Malayali,"1,800,000.00","1,429,535,670.00","15,354.00",News & Politics,2018,1.8,14295.3567
518,Yashi Music,"4,630,000.00","1,422,085,625.00","3,084.00",Music,2017,4.63,14220.85625
519,Tech Master Shorts,"3,450,000.00","1,421,805,346.00",402.00,People & Blogs,2021,3.45,14218.05346
520,AD-WISE MEDIA ACTION MOVIEPLEX,"9,860,000.00","1,420,014,414.00",330.00,Entertainment,2014,9.86,14200.14414
521,popi kitchen with village food,"4,370,000.00","1,415,838,872.00",816.00,,2018,4.37,14158.38872
522,Professor Of How,"6,250,000.00","1,414,316,504.00",176.00,Film & Animation,2017,6.25,14143.16504
523,THE ROTT,"2,550,000.00","1,411,825,090.00",347.00,,2019,2.55,14118.2509
524,Tiya & Advik Chathamkulam NimishaRajeesh Vlogs,"1,910,000.00","1,409,867,298.00","1,057.00",People & Blogs,2018,1.91,14098.67298
525,Shemaroo Kannada,"3,660,000.00","1,406,069,991.00","5,232.00",Entertainment,2011,3.66,14060.69991
526,Rajlaxmi,"4,540,000.00","1,405,641,680.00",90.00,Music,2017,4.54,14056.4168
527,Pocket Films - Indian Short Films,"3,700,000.00","1,396,146,674.00","2,292.00",Film & Animation,2009,3.7,13961.46674
528,Always Arya,"2,380,000.00","1,395,406,046.00",711.00,Entertainment,2017,2.38,13954.06046
529,HooplaKidz TV - Funny Cartoons For Kids,"3,800,000.00","1,394,345,417.00",835.00,Education,2012,3.8,13943.45417
530,Sanjeev Kapoor Khazana,"7,170,000.00","1,390,132,260.00","13,007.00",Howto & Style,2009,7.17,13901.3226
531,Hetal's Art,"6,800,000.00","1,387,806,464.00","2,633.00",Howto & Style,2011,6.8,13878.06464
532,Sadhguru,"11,000,000.00","1,386,024,266.00","2,726.00",Howto & Style,2007,11,13860.24266
533,Tips Jhankar Gaane,"4,220,000.00","1,385,745,104.00",555.00,Entertainment,2013,4.22,13857.45104
534,seeVi la,"846,000.00","1,385,149,929.00","2,552.00",Comedy,2015,0.846,13851.49929
535,Zeeshan Pasha,"4,800,000.00","1,384,964,094.00",464.00,People & Blogs,2021,4.8,13849.64094
536,journalist sai,"728,000.00","1,382,032,908.00","66,018.00",News & Politics,2016,0.728,13820.32908
537,Wow Kidz Bangla,"2,700,000.00","1,378,607,989.00",379.00,Entertainment,2019,2.7,13786.07989
538,Riya Films,"4,020,000.00","1,377,406,685.00","9,683.00",,2015,4.02,13774.06685
539,Ssoftoons Golpoguccho,"3,790,000.00","1,376,323,693.00",353.00,Entertainment,2020,3.79,13763.23693
540,IMR Films,"3,150,000.00","1,373,460,186.00",27.00,Entertainment,2014,3.15,13734.60186
541,TsMadaan,"12,000,000.00","1,371,659,354.00","1,760.00",Howto & Style,2008,12,13716.59354
542,Ajay Chauhan,"3,270,000.00","1,367,504,530.00",247.00,Entertainment,2015,3.27,13675.0453
543,Kahani Har Ghar Ki,"3,030,000.00","1,364,252,783.00","1,221.00",,2018,3.03,13642.52783
544,Pebbles live,"4,530,000.00","1,363,216,717.00","5,009.00",Education,2013,4.53,13632.16717
545,AR Entertainments Movies,"2,470,000.00","1,362,919,967.00","4,810.00",Entertainment,2014,2.47,13629.19967
546,Neetesh Praliya,"2,940,000.00","1,362,027,747.00",120.00,Entertainment,2016,2.94,13620.27747
547,Behindwoods O2,"1,770,000.00","1,359,658,257.00","5,421.00",Film & Animation,2021,1.77,13596.58257
548,Bollywood Tashan,"2,640,000.00","1,359,293,911.00","28,590.00",Entertainment,2016,2.64,13592.93911
549,Akhil Nrd,"2,450,000.00","1,357,512,658.00","1,201.00",People & Blogs,2015,2.45,13575.12658
550,The Quint,"3,510,000.00","1,353,449,848.00","34,452.00",Entertainment,2014,3.51,13534.49848
551,Sri Ganesh Videos,"2,850,000.00","1,351,684,267.00","1,600.00",Entertainment,2013,2.85,13516.84267
552,Amar Ujala,"4,000,000.00","1,350,803,935.00","51,291.00",News & Politics,2011,4,13508.03935
553,MX Player,"3,660,000.00","1,348,583,494.00",805.00,Entertainment,2011,3.66,13485.83494
554,Rangoli colors and designs by Keerthi,"3,250,000.00","1,346,625,946.00",983.00,Howto & Style,2018,3.25,13466.25946
555,Cute.Shivani.05,"3,070,000.00","1,345,610,027.00",347.00,People & Blogs,2021,3.07,13456.10027
556,Pragati Verma,"5,270,000.00","1,340,412,304.00",194.00,Entertainment,2018,5.27,13404.12304
557,Shemaroo Bhakti Darshan,"3,620,000.00","1,340,335,128.00","5,333.00",Entertainment,2011,3.62,13403.35128
558,Kannada Super Scenes,"2,380,000.00","1,337,187,208.00","7,686.00",People & Blogs,2015,2.38,13371.87208
559,Maahi Queen,"4,310,000.00","1,336,680,754.00",164.00,Entertainment,2016,4.31,13366.80754
560,MadhurasRecipe Marathi,"6,750,000.00","1,326,394,999.00","1,312.00",Howto & Style,2016,6.75,13263.94999
561,Velujazz official,"2,150,000.00","1,325,016,275.00",295.00,People & Blogs,2012,2.15,13250.16275
562,SanskarTV,"7,120,000.00","1,321,503,359.00","9,318.00",,2013,7.12,13215.03359
563,CAPITAL TV,"3,130,000.00","1,319,752,221.00","15,787.00",,2019,3.13,13197.52221
564,Oolfat,"2,040,000.00","1,318,865,252.00",162.00,Comedy,2013,2.04,13188.65252
565,sonu.indoriii,"3,450,000.00","1,318,849,353.00",366.00,Comedy,2013,3.45,13188.49353
566,Universe Adventure,"7,700,000.00","1,318,809,115.00",504.00,Science & Technology,2016,7.7,13188.09115
567,COMEDY SONOTEK,"4,290,000.00","1,318,452,444.00","1,366.00",People & Blogs,2016,4.29,13184.52444
568,Hakson Pro Gaming,"7,130,000.00","1,316,196,581.00",830.00,Gaming,2017,7.13,13161.96581
569,DawsenTv - Bengali Stories & Rhymes,"3,220,000.00","1,307,484,170.00",951.00,Film & Animation,2013,3.22,13074.8417
570,B4U Movies,"5,280,000.00","1,301,344,868.00",407.00,Film & Animation,2011,5.28,13013.44868
571,Masala Kitchen,"5,710,000.00","1,300,896,839.00","1,416.00",,2016,5.71,13008.96839
572,Yuki Music,"4,650,000.00","1,299,402,067.00","4,335.00",Music,2014,4.65,12994.02067
573,DB Live,"2,530,000.00","1,297,929,156.00","54,000.00",News & Politics,2016,2.53,12979.29156
574,Crazy 4 Bollywood,"3,610,000.00","1,297,488,477.00","16,591.00",Entertainment,2012,3.61,12974.88477
575,Classic Mini Food,"2,190,000.00","1,296,221,554.00",675.00,Howto & Style,2020,2.19,12962.21554
576,Wake'N'Bite,"3,080,000.00","1,294,612,968.00","1,007.00",,2017,3.08,12946.12968
577,Rupa sah,"4,790,000.00","1,293,684,772.00","1,056.00",People & Blogs,2020,4.79,12936.84772
578,DisneyPlus Hotstar_IN,"1,660,000.00","1,291,306,443.00",463.00,Entertainment,2019,1.66,12913.06443
579,Manoj Saru,"5,810,000.00","1,289,970,083.00",223.00,People & Blogs,2018,5.81,12899.70083
580,Mr & Mrs Choudhary,"4,430,000.00","1,289,831,224.00",990.00,People & Blogs,2013,4.43,12898.31224
581,Action Tadka India,"4,230,000.00","1,288,904,746.00","1,496.00",Film & Animation,2014,4.23,12889.04746
582,Ganesh Videos,"3,340,000.00","1,287,649,251.00","9,582.00",Film & Animation,2014,3.34,12876.49251
583,Lehren Retro,"2,880,000.00","1,285,791,429.00","4,377.00",Entertainment,2011,2.88,12857.91429
584,Mampi. Rahul,"1,780,000.00","1,276,095,177.00","1,145.00",Entertainment,2015,1.78,12760.95177
585,Harsha Sai - For You Hindi,"7,480,000.00","1,275,603,847.00",84.00,Entertainment,2021,7.48,12756.03847
586,Ultra Movie World,"3,810,000.00","1,272,485,629.00",533.00,Entertainment,2016,3.81,12724.85629
587,Indu's Kitchen,"1,710,000.00","1,271,831,337.00",909.00,People & Blogs,2021,1.71,12718.31337
588,UnGraduate Gamer,"7,980,000.00","1,268,525,582.00","1,233.00",Gaming,2018,7.98,12685.25582
589,24 News,"3,740,000.00","1,264,938,520.00","133,695.00",Entertainment,2015,3.74,12649.3852
590,Josh - Hindi Stories Comedy Videos,"3,960,000.00","1,264,079,399.00",248.00,Entertainment,2019,3.96,12640.79399
591,Music Master | Tamil Songs | Ilayaraja,"2,220,000.00","1,263,119,513.00","3,207.00",Music,2016,2.22,12631.19513
592,Scary Teacher 3D Gaming,"2,090,000.00","1,255,682,267.00",111.00,Gaming,2018,2.09,12556.82267
593,Cute Life Shorts,"3,090,000.00","1,251,360,000.00",380.00,,2021,3.09,12513.6
594,ROCK INDIAN GAMER,"2,400,000.00","1,249,228,055.00","1,362.00",,2018,2.4,12492.28055
595,Vismai Food,"3,500,000.00","1,249,121,800.00","1,403.00",Howto & Style,2016,3.5,12491.218
596,Neelkamal Singh Official,"4,120,000.00","1,241,015,264.00",119.00,,2017,4.12,12410.15264
597,BollyMoviesMaza,"5,950,000.00","1,234,511,432.00","1,159.00",Entertainment,2017,5.95,12345.11432
598,Boldsky,"5,020,000.00","1,233,279,846.00","38,020.00",Howto & Style,2015,5.02,12332.79846
599,Science and fun,"5,000,000.00","1,230,905,860.00",347.00,Science & Technology,2013,5,12309.0586
600,Badge 99,"9,460,000.00","1,225,595,419.00",556.00,Gaming,2016,9.46,12255.95419
601,Yippi Gaming,"4,010,000.00","1,223,950,564.00",639.00,Gaming,2020,4.01,12239.50564
602,Odisha Reporter,"1,230,000.00","1,222,959,005.00","59,709.00",News & Politics,2015,1.23,12229.59005
603,Tanmay Bhat,"4,390,000.00","1,222,730,114.00",894.00,Comedy,2006,4.39,12227.30114
604,Jeet Patil,"4,860,000.00","1,218,668,329.00",275.00,People & Blogs,2021,4.86,12186.68329
605,Khushi - Hindi Stories Super Comedy Videos,"3,910,000.00","1,216,756,764.00",262.00,Entertainment,2019,3.91,12167.56764
606,Surana Film Studio,"3,270,000.00","1,213,711,903.00",695.00,Comedy,2018,3.27,12137.11903
607,Ultra Action Hits,"5,440,000.00","1,212,642,271.00",811.00,Entertainment,2016,5.44,12126.42271
608,Bala Kirthi,"1,570,000.00","1,210,715,744.00",357.00,People & Blogs,2012,1.57,12107.15744
609,Bollywood pe Charcha,"1,920,000.00","1,208,395,385.00","3,939.00",Entertainment,2017,1.92,12083.95385
610,Filmi Indian,"3,500,000.00","1,207,749,068.00","1,028.00",Entertainment,2018,3.5,12077.49068
611,LoveSHEET,"4,710,000.00","1,205,641,793.00",111.00,Music,2017,4.71,12056.41793
612,Coke Studio India,"4,700,000.00","1,199,669,214.00",586.00,Entertainment,2011,4.7,11996.69214
613,Sonotek Haryanvi,"9,890,000.00","1,198,862,714.00","3,570.00",Music,2015,9.89,11988.62714
614,SSOFTOONS KAHANIYA,"3,200,000.00","1,198,800,357.00",318.00,,2020,3.2,11988.00357
615,MortaL,"6,980,000.00","1,198,491,210.00","1,662.00",Gaming,2013,6.98,11984.9121
616,YesSmartyPie,"4,940,000.00","1,194,582,507.00",742.00,Gaming,2018,4.94,11945.82507
617,Akshara Singh,"3,870,000.00","1,194,447,556.00",140.00,Music,2017,3.87,11944.47556
618,Sri Balaji Comedy,"2,400,000.00","1,194,251,422.00","2,738.00",Entertainment,2013,2.4,11942.51422
619,MostlySane,"6,810,000.00","1,193,187,957.00","1,053.00",Comedy,2015,6.81,11931.87957
620,ALBUM CREATIONS,"2,570,000.00","1,191,995,789.00",360.00,Entertainment,2017,2.57,11919.95789
621,Indonesian Fairy Tales,"3,720,000.00","1,191,971,981.00",567.00,Film & Animation,2016,3.72,11919.71981
622,shravani's kitchen,"3,590,000.00","1,191,409,016.00","1,248.00",Howto & Style,2016,3.59,11914.09016
623,Khandesh Zone,"3,080,000.00","1,190,368,717.00",114.00,Comedy,2019,3.08,11903.68717
624,Bindas Fun,"3,400,000.00","1,190,111,440.00",101.00,Entertainment,2017,3.4,11901.1144
625,Zee Sarthak,"2,210,000.00","1,188,740,673.00","15,196.00",Entertainment,2011,2.21,11887.40673
626,Garima's Good Life,"3,490,000.00","1,187,878,532.00",690.00,People & Blogs,2018,3.49,11878.78532
627,Dancefit Live,"5,950,000.00","1,185,047,596.00",205.00,Entertainment,2016,5.95,11850.47596
628,ALTBalaji,"3,690,000.00","1,183,926,082.00","2,694.00",Entertainment,2016,3.69,11839.26082
629,Hmm!,"1,710,000.00","1,183,252,550.00","1,328.00",Travel & Events,2012,1.71,11832.5255
630,News18 UP Uttarakhand,"3,720,000.00","1,182,323,841.00","99,526.00",News & Politics,2010,3.72,11823.23841
631,Saam TV News,"2,440,000.00","1,181,813,365.00","103,654.00",News & Politics,2009,2.44,11818.13365
632,Learn with Jaspal,"2,430,000.00","1,179,546,588.00",269.00,,2021,2.43,11795.46588
633,Payal Panchal,"3,290,000.00","1,177,365,627.00",241.00,Comedy,2019,3.29,11773.65627
634,Dynamo Gaming,"10,000,000.00","1,175,092,765.00","2,008.00",People & Blogs,2010,10,11750.92765
635,Rhythm Boyz,"2,710,000.00","1,174,597,327.00",147.00,Music,2015,2.71,11745.97327
636,GoldminesAction,"11,900,000.00","1,172,626,844.00",646.00,Film & Animation,2015,11.9,11726.26844
637,Zee Studios,"2,730,000.00","1,170,037,777.00",680.00,Film & Animation,2015,2.73,11700.37777
638,Manorama Music Songs,"2,320,000.00","1,169,863,652.00","2,961.00",Music,2013,2.32,11698.63652
639,T-Series Islamic Music,"4,120,000.00","1,169,371,631.00","4,805.00",Entertainment,2014,4.12,11693.71631
640,Nakkalites,"4,920,000.00","1,168,474,936.00",488.00,Comedy,2017,4.92,11684.74936
641,TIMES NOW,"2,850,000.00","1,168,449,929.00","67,715.00",News & Politics,2008,2.85,11684.49929
642,SGV Digital - Kannada Full Movies,"3,300,000.00","1,168,008,026.00","1,296.00",Entertainment,2015,3.3,11680.08026
643,Lidiya Francis,"1,400,000.00","1,167,569,498.00",952.00,People & Blogs,2020,1.4,11675.69498
644,Rachitroo,"5,680,000.00","1,165,710,419.00",600.00,Gaming,2015,5.68,11657.10419
645,Shabad Gurbani,"3,160,000.00","1,165,407,794.00","10,826.00",Music,2011,3.16,11654.07794
646,Resty kamboj,"1,140,000.00","1,165,249,078.00",703.00,Entertainment,2014,1.14,11652.49078
647,Trakin Shorts,"2,300,000.00","1,163,497,012.00",645.00,People & Blogs,2021,2.3,11634.97012
648,Maha Cartoon TV XD,"4,400,000.00","1,159,636,761.00",560.00,Film & Animation,2017,4.4,11596.36761
649,SWAPNA TV,"2,220,000.00","1,158,909,431.00",270.00,,2018,2.22,11589.09431
650,Charan Spy,"1,490,000.00","1,156,992,045.00",454.00,Entertainment,2017,1.49,11569.92045
651,We r Loser,"1,790,000.00","1,155,630,668.00",402.00,Comedy,2020,1.79,11556.30668
652,SIIMA,"2,960,000.00","1,155,552,269.00","5,773.00",People & Blogs,2015,2.96,11555.52269
653,FS star News,"2,370,000.00","1,155,336,730.00","8,090.00",Entertainment,2017,2.37,11553.3673
654,wifistudy 2.0,"5,740,000.00","1,154,887,158.00","18,984.00",People & Blogs,2017,5.74,11548.87158
655,Lalitha Audios And Videos,"2,690,000.00","1,154,806,780.00","1,215.00",Music,2012,2.69,11548.0678
656,Bollywood Hits,"3,860,000.00","1,153,844,763.00",297.00,People & Blogs,2021,3.86,11538.44763
657,Jatt Life Studios,"2,710,000.00","1,152,531,992.00",83.00,Music,2018,2.71,11525.31992
658,Meditative Mind,"4,990,000.00","1,151,266,616.00","1,563.00",Music,2009,4.99,11512.66616
659,Hombale Films,"3,710,000.00","1,150,676,315.00",488.00,Entertainment,2013,3.71,11506.76315
660,The Tiny Foods,"3,720,000.00","1,149,331,531.00",212.00,Howto & Style,2017,3.72,11493.31531
661,Dear Sir,"14,600,000.00","1,146,903,779.00",540.00,Education,2016,14.6,11469.03779
662,Chintu Toons,"2,280,000.00","1,143,414,808.00",72.00,Entertainment,2019,2.28,11434.14808
663,Vikas verma,"1,800,000.00","1,139,889,362.00",785.00,Comedy,2017,1.8,11398.89362
664,Eric Davis,"6,790,000.00","1,139,560,981.00",125.00,,2010,6.79,11395.60981
665,TV9 Bangla,"1,650,000.00","1,138,470,307.00","45,624.00",News & Politics,2020,1.65,11384.70307
666,Meeth _Miri,"1,240,000.00","1,137,870,116.00",654.00,Comedy,2009,1.24,11378.70116
667,Priya Video,"4,470,000.00","1,137,774,705.00",635.00,Entertainment,2016,4.47,11377.74705
668,Flowers TV,"2,200,000.00","1,136,557,223.00","6,395.00",Entertainment,2014,2.2,11365.57223
669,Tips Theatre,"4,100,000.00","1,125,159,720.00","2,619.00",Education,2018,4.1,11251.5972
670,Saga Music Haryanvi,"2,800,000.00","1,120,727,793.00","1,767.00",Music,2010,2.8,11207.27793
671,Jubin Nautiyal,"5,710,000.00","1,120,642,159.00",121.00,Music,2009,5.71,11206.42159
672,YASH KE EXPERIMENTS,"5,220,000.00","1,114,710,053.00","1,046.00",Science & Technology,2017,5.22,11147.10053
673,TFPC,"1,670,000.00","1,113,550,208.00","26,705.00",Entertainment,2014,1.67,11135.50208
674,Sy TV,"1,820,000.00","1,110,364,678.00",52.00,Music,2019,1.82,11103.64678
675,Tollywood,"1,820,000.00","1,110,018,546.00","30,508.00",Entertainment,2006,1.82,11100.18546
676,POPxoDaily,"2,670,000.00","1,107,416,503.00","3,992.00",Howto & Style,2014,2.67,11074.16503
677,NTM Cinemas,"4,130,000.00","1,103,872,085.00","2,699.00",Film & Animation,2016,4.13,11038.72085
678,LOKMAT,"2,050,000.00","1,103,271,569.00","22,069.00",News & Politics,2011,2.05,11032.71569
679,pressnews tv,"4,010,000.00","1,102,975,853.00","17,423.00",Entertainment,2015,4.01,11029.75853
680,Shri Devkinandan Thakur Ji,"4,300,000.00","1,100,027,601.00","6,686.00",People & Blogs,2014,4.3,11000.27601
681,Samreen Ali,"4,050,000.00","1,097,705,562.00",537.00,Comedy,2016,4.05,10977.05562
682,Shiva Music Amar Bangla,"1,820,000.00","1,097,433,053.00","2,003.00",People & Blogs,2014,1.82,10974.33053
683,Prasadtechintelugu,"3,680,000.00","1,090,515,232.00","3,657.00",Science & Technology,2015,3.68,10905.15232
684,DVV Entertainment,"2,740,000.00","1,090,118,159.00",382.00,Entertainment,2015,2.74,10901.18159
685,airtel India,"1,030,000.00","1,087,853,003.00","1,144.00",Entertainment,2010,1.03,10878.53003
686,Sab Kuchh Sekho Jano,"10,100,000.00","1,087,600,800.00","2,771.00",People & Blogs,2016,10.1,10876.008
687,Sun NXT,"3,060,000.00","1,086,858,971.00","4,151.00",Entertainment,2017,3.06,10868.58971
688,Drishti IAS,"9,830,000.00","1,085,806,744.00","9,710.00",People & Blogs,2017,9.83,10858.06744
689,Rajasthan Patrika,"3,340,000.00","1,085,190,797.00","108,156.00",News & Politics,2014,3.34,10851.90797
690,TV9 Telugu Digital,"1,050,000.00","1,083,924,587.00","40,695.00",News & Politics,2017,1.05,10839.24587
691,The Divine Tales,"7,270,000.00","1,082,194,389.00","1,499.00",People & Blogs,2017,7.27,10821.94389
692,Lakhneet Vlogs,"1,810,000.00","1,081,228,726.00","1,422.00",People & Blogs,2020,1.81,10812.28726
693,Shemaroo Telugu,"2,650,000.00","1,081,204,767.00","11,166.00",Entertainment,2009,2.65,10812.04767
694,Sona Singh,"2,870,000.00","1,079,640,132.00",317.00,People & Blogs,2022,2.87,10796.40132
695,Zee Bihar Jharkhand,"3,410,000.00","1,078,173,654.00","41,602.00",News & Politics,2014,3.41,10781.73654
696,Jagriti Pahwa,"1,770,000.00","1,075,937,964.00",215.00,Comedy,2012,1.77,10759.37964
697,ATIF FC,"3,180,000.00","1,075,485,558.00",322.00,Entertainment,2019,3.18,10754.85558
698,RAJA RUBI,"1,340,000.00","1,075,017,360.00",675.00,Entertainment,2016,1.34,10750.1736
699,Sijosh N Riya,"1,050,000.00","1,073,609,912.00",240.00,Entertainment,2019,1.05,10736.09912
700,Veggie Paaji,"2,990,000.00","1,072,381,001.00","1,086.00",Entertainment,2016,2.99,10723.81001
701,DRJ Records Zest,"7,390,000.00","1,071,833,245.00",414.00,Entertainment,2017,7.39,10718.33245
702,IKRU Entertainments,"1,730,000.00","1,068,698,070.00",631.00,Comedy,2016,1.73,10686.9807
703,Desi Version,"2,930,000.00","1,063,654,856.00",504.00,Entertainment,2014,2.93,10636.54856
704,PR Bollywood,"6,120,000.00","1,063,519,871.00","4,009.00",Science & Technology,2016,6.12,10635.19871
705,News Live,"2,460,000.00","1,063,146,472.00","37,532.00",News & Politics,2011,2.46,10631.46472
706,Spread Love - Satheesh Shanmu,"1,300,000.00","1,062,163,375.00",668.00,Entertainment,2020,1.3,10621.63375
707,DAHIYA FILMS,"2,070,000.00","1,060,751,180.00",357.00,Entertainment,2016,2.07,10607.5118
708,United India Exporters,"3,230,000.00","1,059,520,949.00","6,708.00",Movies,2015,3.23,10595.20949
709,The Timeliners,"7,310,000.00","1,057,976,640.00",362.00,Entertainment,2014,7.31,10579.7664
710,Anjanshakya22,"2,080,000.00","1,057,797,130.00",945.00,People & Blogs,2018,2.08,10577.9713
711,Laksh Dadwani,"1,070,000.00","1,054,003,963.00",700.00,People & Blogs,2020,1.07,10540.03963
712,Filmy Focus,"1,420,000.00","1,052,907,672.00","34,187.00",Entertainment,2014,1.42,10529.07672
713,Peppa Foodie,"1,450,000.00","1,051,907,635.00",888.00,People & Blogs,2019,1.45,10519.07635
714,News18 Rajasthan,"3,540,000.00","1,050,827,666.00","98,021.00",News & Politics,2011,3.54,10508.27666
715,Adda247,"6,860,000.00","1,049,386,110.00","37,022.00",Education,2016,6.86,10493.8611
716,Sibbu Giri,"3,880,000.00","1,046,430,705.00",104.00,Entertainment,2019,3.88,10464.30705
717,sansCARi sumit,"952,000.00","1,045,860,497.00","1,996.00",,2010,0.952,10458.60497
718,GOODWILL ENTERTAINMENTS,"1,800,000.00","1,042,874,581.00","2,409.00",Film & Animation,2016,1.8,10428.74581
719,Gem Tunes Punjabi,"3,350,000.00","1,038,125,625.00","1,777.00",Music,2012,3.35,10381.25625
720,King,"4,980,000.00","1,037,389,903.00",96.00,Music,2012,4.98,10373.89903
721,Ashish 2in1,"1,430,000.00","1,037,188,484.00",280.00,People & Blogs,2020,1.43,10371.88484
722,TellyTalkIndia,"1,760,000.00","1,037,123,300.00","31,988.00",News & Politics,2013,1.76,10371.233
723,Team Naach,"4,930,000.00","1,035,970,942.00",226.00,Entertainment,2014,4.93,10359.70942
724,Aakash Chopra,"3,720,000.00","1,035,109,052.00","2,961.00",Sports,2011,3.72,10351.09052
725,Technology Gyan,"12,600,000.00","1,034,292,707.00",970.00,Science & Technology,2015,12.6,10342.92707
726,RohitMix Lyrics,"3,670,000.00","1,033,608,276.00","1,119.00",,2017,3.67,10336.08276
727,Chinki Minki,"3,170,000.00","1,027,852,054.00",537.00,Entertainment,2016,3.17,10278.52054
728,Yum Yum India,"930,000.00","1,024,981,102.00","1,299.00",Entertainment,2019,0.93,10249.81102
729,Lokmat Filmy,"1,130,000.00","1,024,676,870.00","9,526.00",Entertainment,2016,1.13,10246.7687
730,Aaryaa Digital,"2,820,000.00","1,023,803,399.00","1,509.00",Music,2018,2.82,10238.03399
731,Angry Prash,"6,430,000.00","1,022,108,910.00",144.00,Comedy,2016,6.43,10221.0891
732,GAURAV ZONE,"4,780,000.00","1,021,987,189.00","1,026.00",Entertainment,2013,4.78,10219.87189
733,Sur Music World,"8,580,000.00","1,016,155,599.00",258.00,,2018,8.58,10161.55599
734,Pehchan Music,"6,180,000.00","1,015,292,016.00",322.00,Music,2016,6.18,10152.92016
735,Indian Farmer,"3,280,000.00","1,014,444,609.00","1,500.00",Howto & Style,2018,3.28,10144.44609
736,Sanjhalika Vlog,"3,470,000.00","1,014,282,612.00",196.00,People & Blogs,2018,3.47,10142.82612
737,Vichitra 4u,"4,090,000.00","1,013,456,419.00",895.00,Science & Technology,2017,4.09,10134.56419
738,Kuldeep M Pai,"2,490,000.00","1,010,749,529.00",232.00,Music,2013,2.49,10107.49529
739,Pen Action,"5,170,000.00","1,010,396,943.00","1,716.00",People & Blogs,2017,5.17,10103.96943
740,Mr & Mrs Chauhan,"2,490,000.00","1,006,131,908.00",166.00,People & Blogs,2020,2.49,10061.31908
741,B4U Bhojpuri,"2,720,000.00","1,001,676,220.00","1,025.00",Film & Animation,2017,2.72,10016.7622
742,Achyutha saddikuti,"1,530,000.00","1,001,200,309.00",203.00,People & Blogs,2022,1.53,10012.00309
743,Village Food Channel,"6,880,000.00","1,000,476,393.00",348.00,People & Blogs,2018,6.88,10004.76393
744,UNBOXINg dude,"3,610,000.00","998,811,506.00","1,469.00",People & Blogs,2017,3.61,9988.11506
745,News18 Lokmat,"2,300,000.00","997,750,296.00","111,089.00",News & Politics,2011,2.3,9977.50296
746,Ved Entertainment,"2,590,000.00","997,665,081.00","1,166.00",,2018,2.59,9976.65081
747,bhura_turkish_755,"1,590,000.00","997,255,212.00",415.00,Music,2019,1.59,9972.55212
748,Health Time,"12,600,000.00","992,612,708.00","1,688.00",Howto & Style,2016,12.6,9926.12708
749,Spanish Fairy Tales,"2,710,000.00","991,273,661.00",562.00,People & Blogs,2016,2.71,9912.73661
750,News Buzz,"1,350,000.00","991,158,725.00","18,054.00",Entertainment,2017,1.35,9911.58725
751,Village food factory,"4,760,000.00","991,095,200.00",428.00,People & Blogs,2015,4.76,9910.952
752,Life Andhra TV,"1,250,000.00","990,635,106.00","22,297.00",People & Blogs,2018,1.25,9906.35106
753,MrMiko 2.0,"2,560,000.00","989,387,205.00",114.00,People & Blogs,2022,2.56,9893.87205
754,Amazon miniTV,"433,000.00","989,060,317.00","2,000.00",,2021,0.433,9890.60317
755,TechBurner Shorts,"3,710,000.00","988,598,458.00",232.00,Science & Technology,2021,3.71,9885.98458
756,Juned Fitness,"1,760,000.00","988,107,001.00",869.00,Entertainment,2014,1.76,9881.07001
757,Sachet Parampara,"3,900,000.00","986,760,713.00",304.00,Music,2011,3.9,9867.60713
758,SEPL Vintage,"2,880,000.00","983,762,464.00","10,534.00",Comedy,2013,2.88,9837.62464
759,Trimurti Bhakti,"3,780,000.00","980,666,748.00","1,559.00",Music,2018,3.78,9806.66748
760,‡§¶‡§Æ‡§¶‡§æ‡§∞ ‡§∏‡§æ‡§â‡§• ‡§Æ‡•Ç‡§µ‡•ç‡§π‡•Ä‡§∏,"4,120,000.00","980,587,639.00",272.00,Entertainment,2019,4.12,9805.87639
761,Cineulagam,"2,490,000.00","978,824,106.00","16,511.00",Entertainment,2011,2.49,9788.24106
762,The Indian Television Academy,"2,650,000.00","978,787,638.00","1,638.00",Entertainment,2013,2.65,9787.87638
763,Tech FC Shorts,"2,500,000.00","978,228,914.00",131.00,Science & Technology,2018,2.5,9782.28914
764,Peekaboo Kidz,"3,300,000.00","975,766,378.00",575.00,Education,2014,3.3,9757.66378
765,DRJ Records Movies,"7,910,000.00","975,247,617.00",410.00,Film & Animation,2015,7.91,9752.47617
766,Behindwoods Ice,"1,770,000.00","972,985,731.00","7,878.00",Entertainment,2019,1.77,9729.85731
767,GMJ - Global Music Junction - Bhojpuri,"3,670,000.00","972,209,749.00",383.00,Music,2017,3.67,9722.09749
768,The Screen Patti,"5,970,000.00","970,971,230.00",319.00,Entertainment,2015,5.97,9709.7123
769,RATATA Hindi,"2,750,000.00","970,081,738.00",227.00,Entertainment,2021,2.75,9700.81738
770,Team7 Picture,"2,350,000.00","967,924,473.00",52.00,Music,2019,2.35,9679.24473
771,AGR Life.,"3,820,000.00","965,301,800.00",92.00,Music,2018,3.82,9653.018
772,SVF Music,"2,640,000.00","964,981,109.00",954.00,Music,2016,2.64,9649.81109
773,Anil Kumar Masani,"1,680,000.00","964,417,049.00",204.00,People & Blogs,2013,1.68,9644.17049
774,BFTS Music,"2,570,000.00","963,308,416.00",256.00,,2018,2.57,9633.08416
775,Babbu Maan,"3,530,000.00","962,721,480.00",385.00,Music,2010,3.53,9627.2148
776,Mumbai Tak,"1,960,000.00","962,087,216.00","32,495.00",News & Politics,2017,1.96,9620.87216
777,Prajapati News,"16,700,000.00","959,785,040.00","1,245.00",Comedy,2013,16.7,9597.8504
778,Next9Political Byte,"2,500,000.00","959,273,732.00","53,925.00",Entertainment,2014,2.5,9592.73732
779,DIVINE,"6,240,000.00","959,087,149.00",57.00,Music,2012,6.24,9590.87149
780,Assassins ARMY,"7,490,000.00","958,173,098.00",867.00,Gaming,2019,7.49,9581.73098
781,‡§ú‡•ã‡§∂ Talks,"8,990,000.00","958,028,194.00",833.00,People & Blogs,2017,8.99,9580.28194
782,vlogz of rishab,"2,390,000.00","957,183,849.00",375.00,Entertainment,2016,2.39,9571.83849
783,Thugesh Shorts,"2,140,000.00","956,873,027.00",264.00,Entertainment,2021,2.14,9568.73027
784,Zee Cine Awards,"3,110,000.00","955,053,330.00","1,191.00",Entertainment,2016,3.11,9550.5333
785,B4U Mini Theatre,"2,340,000.00","953,235,087.00","1,247.00",Film & Animation,2016,2.34,9532.35087
786,MSArenaOfficial,"254,000.00","952,737,474.00",622.00,,2017,0.254,9527.37474
787,Foodi Shoodi,"1,320,000.00","950,711,158.00",543.00,People & Blogs,2019,1.32,9507.11158
788,Ruptara Vlogs,"1,220,000.00","950,150,716.00","4,013.00",People & Blogs,2021,1.22,9501.50716
789,Play Digital Originals,"2,720,000.00","949,254,957.00",206.00,Entertainment,2018,2.72,9492.54957
790,Namita Agrawal,"2,420,000.00","948,243,845.00","2,024.00",People & Blogs,2016,2.42,9482.43845
791,Own Gaming,"2,990,000.00","948,055,980.00","1,146.00",Gaming,2018,2.99,9480.5598
792,Aryan Black,"2,910,000.00","946,826,741.00",217.00,People & Blogs,2022,2.91,9468.26741
793,Ujjwal,"8,980,000.00","946,297,282.00",412.00,Gaming,2018,8.98,9462.97282
794,Earth,"5,360,000.00","944,649,259.00",175.00,Entertainment,2013,5.36,9446.49259
795,Koo Koo TV Hindi Horror,"2,660,000.00","943,006,542.00",568.00,Entertainment,2019,2.66,9430.06542
796,Bhaity Music Company.,0,"942,841,391.00",66.00,,2019,0,9428.41391
797,Prashant Sharma Entertainment,"2,510,000.00","942,261,447.00",273.00,People & Blogs,2016,2.51,9422.61447
798,Sri Balaji Music,"1,320,000.00","941,729,773.00","1,322.00",Music,2013,1.32,9417.29773
799,TIME8 News,"1,670,000.00","940,724,943.00","68,662.00",News & Politics,2017,1.67,9407.24943
800,Anaysa Shorts,"1,840,000.00","940,605,438.00",673.00,Entertainment,2020,1.84,9406.05438
801,dhamaal oye raju,"1,190,000.00","940,525,770.00",635.00,Comedy,2016,1.19,9405.2577
802,Red Pix 24x7,"2,220,000.00","940,444,529.00","17,579.00",News & Politics,2013,2.22,9404.44529
803,ArtKo Point,"2,410,000.00","940,121,268.00","2,265.00",Howto & Style,2018,2.41,9401.21268
804,aha videoIN,"2,220,000.00","939,033,791.00","2,617.00",Entertainment,2020,2.22,9390.33791
805,AIDC,"3,340,000.00","936,935,110.00","2,028.00",Music,2016,3.34,9369.3511
806,CRUX,"1,680,000.00","935,919,045.00","10,894.00",News & Politics,2016,1.68,9359.19045
807,Gajendra Verma,"4,150,000.00","935,526,465.00",58.00,Music,2015,4.15,9355.26465
808,N - Isai,"2,960,000.00","934,915,531.00","1,430.00",Film & Animation,2016,2.96,9349.15531
809,REVEALING EYES,"4,950,000.00","931,531,368.00",891.00,Science & Technology,2013,4.95,9315.31368
810,TV5 Kannada,"1,960,000.00","929,341,211.00","59,232.00",News & Politics,2017,1.96,9293.41211
811,EnglishFairyTales,"3,270,000.00","927,822,984.00",565.00,Film & Animation,2016,3.27,9278.22984
812,Loud Speaker,"840,000.00","925,858,948.00","4,702.00",Entertainment,2016,0.84,9258.58948
813,Mango Telugu Cinema,"2,450,000.00","925,660,046.00","16,070.00",Entertainment,2014,2.45,9256.60046
814,Best Story TV,"2,510,000.00","925,504,171.00",303.00,,2019,2.51,9255.04171
815,SumanTV Health,"3,270,000.00","924,854,719.00","12,919.00",Howto & Style,2016,3.27,9248.54719
816,Symphony,"3,170,000.00","924,149,097.00","1,782.00",Music,2009,3.17,9241.49097
817,Shoaib Ibrahim Official,"2,990,000.00","923,544,456.00",341.00,People & Blogs,2012,2.99,9235.44456
818,Chirayu Payal Malik,"2,180,000.00","923,492,018.00",547.00,,2021,2.18,9234.92018
819,Sadhguru Hindi,"5,910,000.00","921,964,242.00","1,427.00",Howto & Style,2014,5.91,9219.64242
820,Kappa Originals Official,"2,140,000.00","921,507,641.00","13,309.00",Music,2013,2.14,9215.07641
821,YOYO TV Kannada,"3,030,000.00","921,121,404.00","29,775.00",Entertainment,2016,3.03,9211.21404
822,Viwa Food World,"4,480,000.00","918,196,734.00",367.00,Entertainment,2017,4.48,9181.96734
823,Ramsivasa Tamil,"1,030,000.00","914,346,828.00","1,489.00",Howto & Style,2018,1.03,9143.46828
824,Ford India,"260,000.00","913,632,245.00",362.00,Autos & Vehicles,2014,0.26,9136.32245
825,Amma Chethi Vanta,"2,760,000.00","911,869,702.00","1,152.00",People & Blogs,2011,2.76,9118.69702
826,AmdavadiMan Ni Duniya,"1,260,000.00","910,231,300.00",417.00,People & Blogs,2019,1.26,9102.313
827,Pandit Pradeep Ji Mishra Sehore Wale,"4,350,000.00","907,979,593.00","2,939.00",People & Blogs,2012,4.35,9079.79593
828,Bhakti Video,"4,060,000.00","906,555,890.00",70.00,Entertainment,2018,4.06,9065.5589
829,Vikatan TV,"2,830,000.00","906,509,682.00","8,935.00",News & Politics,2011,2.83,9065.09682
830,Nagma Mirajkar,"1,540,000.00","905,717,433.00",640.00,Entertainment,2019,1.54,9057.17433
831,News Now,"2,620,000.00","902,850,732.00","10,758.00",People & Blogs,2016,2.62,9028.50732
832,123 GO! FOOD Hindi,"2,340,000.00","901,741,280.00",262.00,People & Blogs,2021,2.34,9017.4128
833,Tips Films,"3,020,000.00","900,050,726.00",509.00,Music,2009,3.02,9000.50726
834,Moviez Adda,"1,580,000.00","898,531,688.00","66,243.00",Film & Animation,2012,1.58,8985.31688
835,Fukra Insaan,"5,400,000.00","896,817,755.00",240.00,People & Blogs,2019,5.4,8968.17755
836,chatpat toy tv,"4,140,000.00","896,696,431.00","1,090.00",,2019,4.14,8966.96431
837,Mangli Official,"2,530,000.00","895,221,479.00",57.00,Music,2016,2.53,8952.21479
838,Disney+ Hotstar Tamil,"1,020,000.00","894,462,821.00","1,380.00",People & Blogs,2021,1.02,8944.62821
839,MostTechy Shorts,"1,880,000.00","893,984,874.00",266.00,People & Blogs,2019,1.88,8939.84874
840,PJ Explained,"1,770,000.00","893,835,289.00","1,033.00",,2017,1.77,8938.35289
841,Troom Troom WOW India,"2,000,000.00","893,533,180.00",736.00,,2020,2,8935.3318
842,BR Bhai,"2,230,000.00","892,148,515.00",753.00,Entertainment,2016,2.23,8921.48515
843,Mysterious Dunia,"6,310,000.00","891,993,146.00",738.00,Entertainment,2015,6.31,8919.93146
844,Nirmla Nehra,"4,860,000.00","891,319,514.00","1,215.00",People & Blogs,2015,4.86,8913.19514
845,Nexa Experience,"332,000.00","890,557,224.00",761.00,Autos & Vehicles,2015,0.332,8905.57224
846,Dice Media,"5,120,000.00","888,838,549.00",302.00,Entertainment,2015,5.12,8888.38549
847,Mango Videos,"2,540,000.00","887,847,217.00","8,178.00",Entertainment,2008,2.54,8878.47217
848,UPSC PCS Insider,"1,980,000.00","884,946,356.00",604.00,Education,2020,1.98,8849.46356
849,Elvish yadav,"9,060,000.00","884,903,903.00",150.00,Comedy,2016,9.06,8849.03903
850,REHKAN OFFICIAL,"1,560,000.00","884,828,921.00",546.00,People & Blogs,2018,1.56,8848.28921
851,Nova Spiritual India,"3,240,000.00","884,791,402.00",594.00,Music,2015,3.24,8847.91402
852,easy rangoli,"2,260,000.00","883,982,020.00","5,237.00",Howto & Style,2016,2.26,8839.8202
853,Action Dhamaka,"3,320,000.00","883,926,948.00",811.00,Film & Animation,2014,3.32,8839.26948
854,Stubborn Facts,"17,400,000.00","883,801,887.00",255.00,Film & Animation,2016,17.4,8838.01887
855,Bebu,"1,590,000.00","883,191,852.00",890.00,Gaming,2020,1.59,8831.91852
856,News18 Tamil Nadu,"2,540,000.00","881,977,098.00","118,571.00",News & Politics,2016,2.54,8819.77098
857,Moral Stories in Hindi,"2,650,000.00","878,504,107.00",299.00,Entertainment,2014,2.65,8785.04107
858,Dharitri Live,"1,920,000.00","878,264,943.00","4,729.00",,2017,1.92,8782.64943
859,BBC News Marathi,"2,200,000.00","876,801,762.00","13,670.00",News & Politics,2017,2.2,8768.01762
860,R Nait,"3,180,000.00","876,422,753.00",217.00,Music,2018,3.18,8764.22753
861,Moviebuff Tamil,"2,300,000.00","874,325,081.00","2,094.00",People & Blogs,2016,2.3,8743.25081
862,Bihar Tak,"2,670,000.00","870,789,450.00","21,137.00",News & Politics,2018,2.67,8707.8945
863,Naveen Ricky,"1,300,000.00","869,995,058.00",508.00,People & Blogs,2020,1.3,8699.95058
864,Manish saini,"2,920,000.00","867,996,657.00",432.00,Comedy,2019,2.92,8679.96657
865,Grassroot Entertainment,"2,330,000.00","867,636,906.00","2,024.00",Film & Animation,2012,2.33,8676.36906
866,123 GO! GOLD Hindi,"2,040,000.00","866,527,306.00",412.00,People & Blogs,2021,2.04,8665.27306
867,Nandighosha TV,"2,070,000.00","865,204,053.00","93,079.00",News & Politics,2016,2.07,8652.04053
868,Dream Planet TV,"3,030,000.00","864,591,290.00",117.00,People & Blogs,2017,3.03,8645.9129
869,Black Sheep,"4,540,000.00","862,988,493.00","1,231.00",People & Blogs,2016,4.54,8629.88493
870,Tamil Galatta News,"2,260,000.00","859,461,453.00",705.00,,2018,2.26,8594.61453
871,NakkheeranTV,"2,980,000.00","859,027,953.00","11,189.00",News & Politics,2009,2.98,8590.27953
872,diyafavas_official,"1,450,000.00","857,683,817.00",318.00,People & Blogs,2016,1.45,8576.83817
873,Hitesh KS : Hindi Gaming,"2,430,000.00","856,001,118.00","1,242.00",Gaming,2016,2.43,8560.01118
874,Labour Law Advisor,"3,950,000.00","855,867,582.00",923.00,Education,2017,3.95,8558.67582
875,Baby Toonz Kids TV - Nursery Rhymes & Kids Songs,"1,930,000.00","855,142,773.00",185.00,Film & Animation,2016,1.93,8551.42773
876,Lesics,"6,110,000.00","854,548,304.00",221.00,Education,2012,6.11,8545.48304
877,Jhankar Music Gujarati,"1,990,000.00","853,986,084.00",741.00,Music,2017,1.99,8539.86084
878,Zig & Sharko Hindi - ‡§π‡§ø‡§®‡•ç‡§¶‡•Ä,"2,030,000.00","853,579,580.00",353.00,People & Blogs,2019,2.03,8535.7958
879,‡§°‡§ø‡§ú‡§ø‡§ü‡§≤ ‡§ü‡•Ä‡§µ‡•Ä,"3,020,000.00","852,287,824.00",229.00,People & Blogs,2019,3.02,8522.87824
880,123 GO! SCHOOL Hindi,"2,280,000.00","852,008,244.00",218.00,Entertainment,2021,2.28,8520.08244
881,baseer gaming,"7,560,000.00","851,141,667.00","1,022.00",Gaming,2019,7.56,8511.41667
882,Melody Animation,"2,100,000.00","850,897,210.00",286.00,Film & Animation,2013,2.1,8508.9721
883,DSS Production The official,"4,750,000.00","849,751,659.00",187.00,Comedy,2016,4.75,8497.51659
884,Be YouNick,"4,530,000.00","849,581,820.00",275.00,Comedy,2014,4.53,8495.8182
885,Squawk rahulraj,"1,450,000.00","849,127,999.00",351.00,People & Blogs,2020,1.45,8491.27999
886,NS Experiment,"2,320,000.00","846,550,138.00",554.00,Entertainment,2019,2.32,8465.50138
887,Health & Beauty Tips- Gharelu Nuskhe,"6,900,000.00","845,828,874.00",558.00,Education,2015,6.9,8458.28874
888,Artkala,"4,120,000.00","844,242,547.00","1,521.00",Howto & Style,2016,4.12,8442.42547
889,MRT Music,"1,660,000.00","844,106,739.00","1,604.00",Music,2017,1.66,8441.06739
890,So Effin Cray,"5,250,000.00","843,402,543.00",123.00,Entertainment,2015,5.25,8434.02543
891,Maa Paata Mee Nota,"1,360,000.00","843,108,042.00",266.00,Music,2021,1.36,8431.08042
892,Pavan Ramya‚ù§Ô∏è,"895,000.00","842,699,625.00",217.00,People & Blogs,2020,0.895,8426.99625
893,Ray Kitchen,"5,760,000.00","842,534,297.00",962.00,Howto & Style,2016,5.76,8425.34297
894,THIRU TV,"1,330,000.00","842,277,233.00","5,470.00",Entertainment,2014,1.33,8422.77233
895,Islamic Waz Bogra,"3,750,000.00","842,274,635.00","4,501.00",Entertainment,2016,3.75,8422.74635
896,Bollywood Silver Screen,"3,870,000.00","839,062,135.00",740.00,,2018,3.87,8390.62135
897,Nitesh Comedian143,"1,770,000.00","838,752,664.00",147.00,Comedy,2021,1.77,8387.52664
898,Fact Tube,"4,790,000.00","838,751,397.00",664.00,Entertainment,2017,4.79,8387.51397
899,Bollywood Hardcore,"2,200,000.00","837,678,283.00","12,276.00",News & Politics,2013,2.2,8376.78283
900,Love Sin,"3,080,000.00","836,329,248.00",153.00,Music,2018,3.08,8363.29248
901,Twin Tag - Ayesha Firoz,"2,570,000.00","835,401,015.00","1,125.00",,2014,2.57,8354.01015
902,Chu Chu Ke Funs,"2,790,000.00","835,099,864.00",427.00,Entertainment,2016,2.79,8350.99864
903,Red FM India,"4,630,000.00","834,244,330.00","6,007.00",Entertainment,2014,4.63,8342.4433
904,BillionSurpriseToys - Hindi Rhymes for Children,"2,560,000.00","834,053,683.00",135.00,Entertainment,2019,2.56,8340.53683
905,Arun Panwar,"1,650,000.00","833,252,304.00","1,323.00",Autos & Vehicles,2018,1.65,8332.52304
906,2 Foreigners In Bollywood,"6,690,000.00","831,857,805.00",51.00,Comedy,2016,6.69,8318.57805
907,MSK Movies,"1,950,000.00","830,311,433.00","4,670.00",Film & Animation,2015,1.95,8303.11433
908,Cine Action Magic,"4,210,000.00","829,359,089.00",120.00,Film & Animation,2015,4.21,8293.59089
909,Basant Jangra,"2,940,000.00","829,268,665.00",862.00,Education,2016,2.94,8292.68665
910,GS DIY MAKER,"837,000.00","829,238,033.00",825.00,People & Blogs,2020,0.837,8292.38033
911,Singles Allowed,"958,000.00","828,803,131.00",626.00,Entertainment,2020,0.958,8288.03131
912,Mayank Singh Rajawat,"3,570,000.00","828,759,552.00",74.00,,2017,3.57,8287.59552
913,Pooja Luthra,"7,460,000.00","828,564,123.00","4,697.00",Howto & Style,2012,7.46,8285.64123
914,Kalaignar TV,"2,640,000.00","828,482,628.00","15,633.00",Music,2015,2.64,8284.82628
915,Tamil Movies,"1,720,000.00","827,186,963.00","18,368.00",Movies,2006,1.72,8271.86963
916,Selfie Gamers,"5,280,000.00","827,056,690.00",816.00,Gaming,2020,5.28,8270.5669
917,villfood,"2,270,000.00","823,697,541.00","1,154.00",Howto & Style,2017,2.27,8236.97541
918,Mysterious Topic,"7,000,000.00","822,325,862.00",438.00,People & Blogs,2017,7,8223.25862
919,PLAYBOI ADI,"3,670,000.00","822,172,269.00",378.00,People & Blogs,2020,3.67,8221.72269
920,Funcho,"3,480,000.00","820,141,461.00",244.00,Comedy,2017,3.48,8201.41461
921,RB creative world,"1,590,000.00","819,491,110.00",512.00,Entertainment,2019,1.59,8194.9111
922,First India News,"2,860,000.00","819,222,429.00","82,815.00",News & Politics,2013,2.86,8192.22429
923,Sunny Kumar Rana,"3,227,017.00","818,903,141.00",67.00,Comedy,2013,3.227017,8189.03141
924,Bollywood Killa,"1,940,000.00","817,963,893.00","2,324.00",Entertainment,2016,1.94,8179.63893
925,JioCinema,"2,750,000.00","817,521,992.00","2,090.00",Sports,2016,2.75,8175.21992
926,Daily Post Punjabi,"2,360,000.00","817,160,484.00","33,947.00",News & Politics,2016,2.36,8171.60484
927,Brijwani Cassettes,"2,740,000.00","816,452,736.00","2,423.00",Entertainment,2012,2.74,8164.52736
928,D2K Beats,"782,000.00","815,014,955.00",200.00,Music,2020,0.782,8150.14955
929,AvalGlitz,"1,210,000.00","813,862,320.00","4,380.00",Entertainment,2020,1.21,8138.6232
930,Aditya Music Tamil,"1,700,000.00","813,424,993.00",220.00,Music,2017,1.7,8134.24993
931,arunj224,"1,330,000.00","812,290,920.00",228.00,Entertainment,2013,1.33,8122.9092
932,Geekyranjit,"3,320,000.00","810,708,015.00","3,240.00",Science & Technology,2011,3.32,8107.08015
933,MP Tak,"2,060,000.00","810,675,955.00","19,259.00",News & Politics,2018,2.06,8106.75955
934,NTV Entertainment,"1,300,000.00","808,953,326.00","29,099.00",People & Blogs,2017,1.3,8089.53326
935,PowerDrift,"2,450,000.00","808,471,722.00","2,610.00",Entertainment,2012,2.45,8084.71722
936,Robiul Experiment,"1,740,000.00","807,266,352.00",320.00,Science & Technology,2015,1.74,8072.66352
937,CarSutra,"828,000.00","806,539,640.00","1,063.00",Autos & Vehicles,2018,0.828,8065.3964
938,Autocar India,"2,160,000.00","806,294,178.00","3,530.00",Autos & Vehicles,2010,2.16,8062.94178
939,MagicBox Tamil Stories,"2,340,000.00","804,128,811.00",457.00,Film & Animation,2012,2.34,8041.28811
940,Finetouch Music,"2,270,000.00","802,721,287.00",323.00,Music,2017,2.27,8027.21287
941,Sumit Bhyan,"2,610,000.00","801,529,761.00",116.00,Entertainment,2020,2.61,8015.29761
942,OLD STORY,"3,110,000.00","799,524,579.00",105.00,Entertainment,2017,3.11,7995.24579
943,Pyramid Glitz Music,"1,890,000.00","799,030,616.00","5,705.00",Music,2016,1.89,7990.30616
944,TamilCrowd,"2,850,000.00","797,673,314.00","5,930.00",Entertainment,2015,2.85,7976.73314
945,ChessBase India,"1,080,000.00","795,459,947.00","8,251.00",Sports,2015,1.08,7954.59947
946,ADITECH,"8,230,000.00","794,903,904.00",515.00,Gaming,2018,8.23,7949.03904
947,Vincey Productions,"2,560,000.00","793,740,388.00",495.00,Music,2011,2.56,7937.40388
948,BalajiMotionPictures,"1,520,000.00","793,420,776.00",594.00,Entertainment,2012,1.52,7934.20776
949,Lyca Productions,"3,000,000.00","792,520,814.00","1,151.00",Film & Animation,2014,3,7925.20814
950,VIRAL IN INDIA,"2,350,000.00","792,099,013.00","1,330.00",People & Blogs,2016,2.35,7920.99013
951,Official the jeet,"2,940,000.00","791,283,127.00",460.00,Entertainment,2021,2.94,7912.83127
952,EnewsOdia,"2,300,000.00","791,101,819.00","2,395.00",Entertainment,2015,2.3,7911.01819
953,SRS Media Vision Entertainment,"1,290,000.00","791,075,253.00","3,163.00",People & Blogs,2014,1.29,7910.75253
954,Messy Talk,"7,290,000.00","790,052,531.00",570.00,Gaming,2020,7.29,7900.52531
955,News4Nation,"1,750,000.00","789,765,117.00","48,008.00",,2018,1.75,7897.65117
956,Speed Records Haryanvi,"3,070,000.00","789,700,227.00",477.00,Music,2019,3.07,7897.00227
957,Rehaan Roy,"1,840,000.00","789,490,168.00",252.00,People & Blogs,2011,1.84,7894.90168
958,Dainik Savera,"2,070,000.00","788,846,120.00","73,753.00",News & Politics,2013,2.07,7888.4612
959,Brut India,"1,680,000.00","786,964,452.00","2,133.00",News & Politics,2019,1.68,7869.64452
960,Kabaddi365.com,"2,020,000.00","786,232,244.00","3,909.00",Sports,2013,2.02,7862.32244
961,Bengali Movies- Angel Digital,"4,570,000.00","785,882,180.00","1,795.00",Film & Animation,2005,4.57,7858.8218
962,Bhavani Movies,"1,690,000.00","784,992,883.00","18,641.00",Entertainment,2015,1.69,7849.92883
963,Ashirbad Studio Official,"2,440,000.00","784,986,560.00","2,030.00",Entertainment,2014,2.44,7849.8656
964,Celebrity Cricket League,"2,440,000.00","784,250,045.00","4,389.00",Entertainment,2005,2.44,7842.50045
965,HOW IT POSSIBLE,"1,750,000.00","781,604,339.00",426.00,Pets & Animals,2020,1.75,7816.04339
966,DHAKAD CHHORA,"2,160,000.00","780,326,881.00",375.00,Entertainment,2016,2.16,7803.26881
967,Kannada Comedy Scenes,"1,340,000.00","780,072,784.00","4,815.00",People & Blogs,2015,1.34,7800.72784
968,Asianet Movies,"1,320,000.00","779,449,611.00","7,687.00",Film & Animation,2012,1.32,7794.49611
969,Murari Ki Kocktail,"2,070,000.00","778,816,793.00",519.00,Entertainment,2011,2.07,7788.16793
970,Sakshi TV Live,"1,350,000.00","778,780,634.00","9,485.00",People & Blogs,2015,1.35,7787.80634
971,Dilsefoodie Official,"2,130,000.00","778,158,166.00","1,050.00",Entertainment,2017,2.13,7781.58166
972,Q News,"1,660,000.00","778,089,955.00","29,518.00",News & Politics,2018,1.66,7780.89955
973,jaipurthepinkcity,"5,720,000.00","777,640,506.00","2,611.00",Howto & Style,2009,5.72,7776.40506
974,Shikha's Kitchen,"2,680,000.00","777,136,937.00","2,528.00",Education,2016,2.68,7771.36937
975,Primetime Action Movies,"4,810,000.00","776,183,856.00",265.00,Entertainment,2018,4.81,7761.83856
976,Mr. AaRuSh,"1,720,000.00","775,792,221.00",206.00,People & Blogs,2016,1.72,7757.92221
977,Friday Poster Channel,"1,590,000.00","775,604,893.00","16,951.00",Entertainment,2016,1.59,7756.04893
978,RCM BHAKTI SAGAR,"3,140,000.00","774,963,931.00","6,519.00",Entertainment,2016,3.14,7749.63931
979,Kala Niketan,"2,350,000.00","774,515,706.00",372.00,Entertainment,2008,2.35,7745.15706
980,BiBiPAM Dupi Car's,"2,400,000.00","774,447,962.00",66.00,Education,2013,2.4,7744.47962
981,Satya Hindi ‡§∏‡§§‡•ç‡§Ø ‡§π‡§ø‡§®‡•ç‡§¶‡•Ä,"2,140,000.00","772,331,564.00","15,852.00",,2018,2.14,7723.31564
982,Chill Pannu Maapi,"1,720,000.00","770,818,569.00",447.00,Entertainment,2020,1.72,7708.18569
983,Harsha Sai - For You Telugu,"8,000,000.00","770,719,322.00",112.00,Education,2018,8,7707.19322
984,Home entertainment and vlog,"1,120,000.00","770,404,671.00","1,432.00",People & Blogs,2013,1.12,7704.04671
985,MotorOctane,"2,960,000.00","770,065,226.00","2,424.00",Autos & Vehicles,2012,2.96,7700.65226
986,GetsetflyFACT,"4,830,000.00","768,801,047.00",636.00,People & Blogs,2017,4.83,7688.01047
987,Galatta Pink,"909,000.00","768,006,419.00","7,906.00",Entertainment,2021,0.909,7680.06419
988,PuthuYugamTV,"2,890,000.00","767,434,824.00","64,941.00",Entertainment,2013,2.89,7674.34824
989,cravingsandcalories vlogs,"1,240,000.00","767,382,999.00",556.00,Education,2017,1.24,7673.82999
990,RKR vines,"3,810,000.00","767,323,167.00",307.00,Entertainment,2017,3.81,7673.23167
991,Crazy Cherryboy,"1,210,000.00","766,399,398.00",346.00,,2019,1.21,7663.99398
992,Amara Muzik Odia,"2,080,000.00","765,584,008.00","2,971.00",Music,2015,2.08,7655.84008
993,DRJ Records Bhojpuri,"2,320,000.00","765,106,569.00",400.00,Music,2015,2.32,7651.06569
994,TrendMusic,"1,570,000.00","763,819,409.00","1,819.00",Film & Animation,2015,1.57,7638.19409
995,The Mix,"2,050,000.00","763,778,661.00",708.00,Entertainment,2019,2.05,7637.78661
996,Creative Thinks,"2,300,000.00","761,826,198.00",91.00,Entertainment,2014,2.3,7618.26198
997,Bhaity Music Industry,"5,400,000.00","760,154,550.00",47.00,Entertainment,2016,5.4,7601.5455
998,Raza Graphy,"2,420,000.00","760,091,144.00","3,572.00",,2015,2.42,7600.91144
999,Rojgar with Ankit,"6,330,000.00","760,079,770.00","12,393.00",,2017,6.33,7600.7977
1000,FWF India News,"3,480,000.00","759,674,662.00","8,438.00",Entertainment,2013,3.48,7596.74662